transit_count,n_transits_measured,depth_ppm,duration_hours,period_days,depth_snr,noise_ppm,depth_consistency_std_ppm,depth_consistency_frac,symmetry_ppm,ingress_egress_slope,shape_ratio,odd_even_mismatch_frac,secondary_depth_ppm,skewness,kurtosis,entropy,red_noise_ratio,label
4,4,360.36852403893886,2.0999999999999996,8.007503751875937,1.2817268037504852,281.1586080469392,40.04597258670395,0.20891356494634752,9.647617172370282,0.004498374923084612,1.5995608939637753,0.1556262357011762,-23.457673291926717,-0.016063050014747445,-0.05203727987559814,3.295428106160053,1.2068464535828025,planet
4,4,1539.389538283877,3.6499999999999995,7.673836918459229,5.850177123539621,263.13554372392696,683.185454518029,1.3747043903167868,1.8978998520546853,0.006020714579816589,1.0065663723216496,1.1884506674933621,-16.730138081122448,-0.02388668770446685,0.03315103677849329,3.4110253164574518,3.2376654667824405,planet
27,27,1488.5570603678402,4.45,1.0295147573786894,5.037209164858567,295.5122591995116,224.96294839237618,0.21896461020384553,59.39848881986176,0.010268477347717318,2.7832074315573907,0.0052362597538108775,-110.64502965341117,-0.11312383305773922,0.07414497722056934,3.386494339515397,4.395830724828494,planet
8,8,48.319916844692706,0.5,3.6335667833916956,0.450028017355193,107.37090799072475,12.75316849015452,0.39112977996069687,19.038792459347142,0.010145940183702448,1.1318683881161615,0.36484518057407855,7.801832000997599,-0.0008214884987619388,-0.031105531277563436,3.2699230515166176,0.892820883105424,planet
4,4,1082.7330905817787,3.6499999999999995,8.37743871935968,3.6530868747496124,296.388541445785,166.87082519857455,0.1838083707226288,9.37361516839541,0.01443526164461654,2.998889318408765,0.039699081538104496,-10.148799195475178,-0.019528262669820908,-0.01326590887654211,3.3512497447192646,3.008216705357187,planet
12,12,34.10534002570325,0.8999999999999999,2.407703851925963,0.3106803934559879,109.77628696268125,22.182620284023322,1.2424757044302346,8.006012659489414,0.007724412079372522,1.0,0.35185210573961606,2.6226693370379195,0.009892862825938282,-0.011496399980057248,3.4373038220662964,0.9578745303232498,planet
4,3,2082.5900868754507,2.8499999999999996,8.935967983991995,7.286032416630317,285.8332172832437,844.9936089911379,0.707110868531939,31.13490335493463,0.002855290469399409,1.0,0.8328774128889738,4.260325327409831,-0.011423494013500948,0.0051568497021388104,3.5374118291776626,2.4891872669504544,planet
6,6,1027.9557927886442,2.8499999999999996,4.939219609804902,6.488647189290493,158.42374578252372,51.94831569107175,0.05409648178082377,4.446696979298892,0.002544837184124182,1.0,0.057630948259782315,-4.0770795542988125,-0.06495236421338815,-0.00010307376427398651,3.407402201322066,3.989592534555493,planet
6,5,2044.52642298191,4.45,5.309154577288644,7.678466846257384,266.2675328185401,1073.4631635864168,7.923975023580853,7.9314907209804275,0.00249991926752265,1.942713942975513,0.2453913206522804,3.2634881925730497,-0.01197822361239084,0.011962483843852123,3.5131718579498363,3.6101216814441717,planet
4,4,72.31187899964979,0.8999999999999999,6.875937968984492,0.4749922528378536,152.2380177100165,12.378877752406359,0.4074072288213861,10.821408305772273,0.007125855441033758,1.101247189815472,0.30154737446976154,16.07983642282207,0.033346046293429195,-0.03941884298407583,3.5569093408082675,0.9252196116159694,planet
11,10,889.7845213538498,2.8499999999999996,2.6543271635817907,5.176989293591566,171.87296918988926,46.47770796445464,0.05660220914392083,60.78303106926697,0.020591282463198066,1.8759205938631014,0.012043435241885371,6.498128846010864,-0.0185214724146952,-0.030566742102975386,3.342252162773786,3.8803239674054493,planet
9,9,3113.673339614356,0.8999999999999999,3.18384192096048,13.567217291797002,229.49977675207884,84.19765829702659,3.4862155614472776,,,1.0,1.7213953150938448,24.343865433151812,-0.011491437145330779,-0.00491060665274734,3.380665297768823,0.9277504505180468,planet
9,9,275.6046485328487,4.45,3.191095547773887,0.9662536122879629,285.23013526464626,15.424350002090515,0.11393535777935514,8.958927677493733,0.0013536990894594887,1.0518389752875072,0.0357028882748065,1.4220422119848308,-0.03788690806613146,0.013387953301381206,3.351313803374827,1.926470673106224,planet
5,5,1071.7352249435771,4.85,5.84592296148074,4.911232496927133,218.22123583319296,462.3189782823699,1.3840298980381183,19.96784448887734,0.00452590189063302,2.9096664174011475,0.1500301959901801,2.8220823662383765,-0.006666017056296285,0.00208151497046849,3.454632165485357,3.551879567376238,planet
3,3,4070.533598402555,4.45,11.946223111555778,20.777334630699354,195.91221255050573,83.73438371030649,4.134260653261808,,,1.0,1.656261489951806,-2.027910017021739,0.005377946201052187,-0.008564983478156929,3.4267902160376655,1.2801314010226992,planet
3,1,3510.3399623770665,0.5,9.610555277638818,12.352522883505518,284.1800007563207,,,,,,,14.149608366653688,0.022931616343159815,0.006004957269353017,3.278168967255092,0.8780503099928882,planet
12,12,2134.8263621730302,3.6499999999999995,2.2626313156578286,7.286923753119549,292.96674900147076,29.905361301078145,0.01596912470439764,15.505290335782185,0.005806847861692142,1.6679451540416432,0.005042423478946052,-21.07210998314457,-0.18078821305996817,0.09359670158255451,3.451567127920082,4.493115713103123,planet
3,3,342.03265222377587,4.85,11.793896948474236,1.2376725505608552,276.35148898534004,34.864770834455314,0.21248237798802597,18.176821514725994,0.0025297855885966095,1.0026986971025396,0.31869292646390773,-6.2696639409054455,-0.01165675500140662,-0.05293460627082602,3.3747483331458388,1.6345791311241118,planet
3,3,113.44652183567862,0.5,12.31615807903952,0.8235853017564172,137.747142395253,49.97707319887336,0.5371287976519236,39.42391129463374,0.040023118553378784,1.0,0.1154045852903949,8.872375347634964,0.02080260393580821,-0.016744560839170308,3.3523693653527724,0.9506240173271795,planet
5,4,159.00785807885532,0.5,6.143321660830415,0.6607795542033761,240.63677071629786,25.972553605127445,0.28280983057622194,58.210707942429885,0.02716378864767857,1.0,0.23697806511610003,8.718273004193478,-0.0010174737755890434,-0.02207606414490071,3.4059105436299912,0.9076132362361741,planet
4,4,485.9918545779943,0.8999999999999999,7.7608804402201095,2.5388401069061426,191.4227891925928,29.387330244459424,0.06468692832364907,28.347371838877145,0.01643916786653659,1.8522236747071732,0.0258115380892174,9.347187408526025,-0.0068482023779743665,0.1284520416093815,3.2487572851115534,1.2950107932072707,planet
3,3,110.99484164639792,0.5,10.974237118559278,0.7092167215962393,156.50341886550703,10.540156792616274,0.16190317820876238,17.832174106335863,0.008322565634012074,1.0521324985937641,0.2688648870630895,15.718563719291367,0.01649746288707488,0.020075999243711173,3.2361356721749748,0.9358566209939408,planet
5,5,495.028218518198,4.85,5.737118559279639,1.7982098821001844,275.2894550551793,41.57567713819043,0.12967158148873018,45.82797033014785,0.0007963586831456217,1.0011817437990125,0.08865433413393042,-8.029936005793381,-0.019719922311450824,-0.01837637468176645,3.3714894288906567,2.42354496779266,planet
8,8,1412.1899706517343,1.3,3.481240620310155,6.597371842498389,214.0534146574563,500.90269534135115,0.38313633874580033,96.29910559261212,0.06471062611406651,1.1383678583535553,0.0031159841903774105,18.02261120009696,0.14082913679180106,0.06902689347146351,3.3979504646525065,3.3403871349657375,planet
3,3,1313.1529224465255,3.25,9.907953976988495,6.041867975069279,217.34220738768596,595.4682277702791,0.808317370114712,19.118456461630906,0.0025224587188920435,1.0037103316836047,0.542129651467835,6.740003200778055,-0.031928328671088364,-0.08346579387412367,3.40357405152357,3.120496172975114,planet
3,3,2463.723678888624,2.45,11.547273636818408,9.158432344000975,269.0115061561197,160.52647978455113,5.019845736004105,701.9501737151046,0.07337564550466127,1.0,1.3144681369345033,27.063479682287728,-0.022340527234335245,-0.02267946784869057,3.4564746129692288,1.3685111953023206,planet
11,10,368.55633749151167,2.45,2.603551775887944,2.161969373244028,170.47250624947293,25.716379899888153,0.08161114468064026,4.276357771892947,0.010378374668162198,2.3301975710122242,0.05498110174748148,10.902726148342978,-0.018322991036342082,-0.011280466308279724,3.3901273767797706,2.6024936308726905,planet
12,12,58.5057080142058,0.8999999999999999,2.3569284642321158,0.26318240359733225,222.30098674727222,32.82522351888523,0.8666042039414942,5.378890170049111,0.0025258071872777538,1.0165341721110628,0.4743253614063184,3.9610163535819254,0.0043364832781788215,0.05245001745772715,3.2286633303243115,0.9526407522418219,planet
7,7,446.0172072619554,3.6499999999999995,4.010755377688844,4.710567622990346,94.68438688474157,12.141942995637496,0.032382223732565024,3.274344200110413,8.063582329534732e-05,2.652050820147994,0.026148286401103542,-4.367844070651827,-0.029971425302543646,0.024656150251221476,3.309219905254616,3.8700665802097087,planet
6,5,1745.3042643402985,2.45,5.18584292146073,6.869351685282912,254.07117648081496,805.5152007245922,0.8355985554533418,15.856025795568662,0.009852593982958447,1.0,0.09806727543031822,9.750920977991129,0.03340392416437004,0.0566962093099983,3.251443737684198,3.4885676290457686,planet
4,3,111.01646469604668,0.5,7.615807903951976,0.7170814023185343,154.8171021268965,4.749122663421244,0.05515952784926268,1.0562622880794237,0.033951925795177314,1.7801814982911774,0.06066751014808392,-3.4104237272014615,-0.037708191569560456,-0.0024608899903069137,3.4049416736587155,0.9001355426493983,planet
3,3,918.8208156485418,2.0999999999999996,11.946223111555778,3.5806026525020327,256.6106616176731,23.742921711147744,0.030175740857982844,36.75799216584785,0.0025298230044130993,1.0,0.008527412082090218,-11.743502877692436,-0.012575487272359296,0.04775650374294349,3.4500038996586846,2.1693958956432264,planet
4,4,1262.0843800550335,4.85,8.348424212106053,9.312173676355618,135.53058865939866,510.42051876241936,1.139887610471065,62.74063841005262,0.0017103497965682477,1.2029440646249239,0.4609418149760125,-2.1238227766451345,-0.0764733743742326,0.15106831902701634,3.247623045005107,4.245918034894723,planet
11,11,1734.9521124627108,3.6499999999999995,2.552776388194097,8.947939366668523,193.89403988648888,16.31403160571102,0.010615717462674352,52.08928892397324,0.007073744513383516,2.746111866088602,0.006466984044485271,-14.951328402901254,-0.8416034887343753,4.675335773461765,2.583139869805865,4.492283438249002,planet
3,3,673.1867813281712,3.25,11.010505252626313,3.4361519363123922,195.91298458432587,7.761170043056367,0.013958275890758421,5.868566890998572,0.0033922501763863472,2.890577612108457,0.013711538511676323,1.867919478093505,-0.025302719558598117,-0.05413103131187702,3.3477900073200115,2.580998139615452,planet
14,14,903.2898779313472,4.85,1.9797398699349675,3.5363770924342313,255.42804240640984,121.42488165666997,0.19894569732016923,92.64801547759217,0.004085854582748102,2.6946485820289,0.023276527977006117,-25.897455100620803,-0.040241377817389686,0.06603992881820231,3.4297718446598675,3.931759817603197,planet
3,3,654.0087355672425,3.25,11.76488244122061,5.271414655074903,124.06702533590568,274.8333232489203,0.697621777386409,10.591948373939175,0.0016185861450543396,1.0098736546132514,0.23857303601854066,-1.4256280570501545,-0.012860099819557779,0.02345683544487054,3.3739114909344727,3.0344632898807884,planet
7,7,48.162666770257395,1.7,4.105052526263131,0.2525249166023556,190.7244141222622,21.04287666667006,0.7776232977680194,18.102898955985047,0.002636167880537036,1.0447295167379411,0.22742663756359585,-13.611354794162978,0.013428302171802648,-0.040934100464248946,3.4157550693036547,0.9185514445840336,planet
3,3,578.7816216620911,1.7,9.182591295647823,5.761500642748061,100.45674860604196,16.759771292164153,0.03163762302799049,19.449029029949827,0.008424973772827367,1.018957803756705,0.04666978563899338,12.589431185539013,0.014179488709255755,0.08692578959955455,3.3483613889212243,2.7286301839640257,planet
6,5,922.3306118375964,4.45,5.345422711355678,3.723154819378208,247.72824569020523,34.821952502936156,0.04921007722063327,11.625547866933594,0.009021035070205824,2.9307433132141405,0.010234725894643604,-3.4973254473547044,-0.0059279513567509325,-0.014612964878402135,3.2933991878761972,3.4155936607325015,planet
3,3,623.0521850838062,1.3,11.068534267133566,2.8397736023176563,219.40206239515277,22.398571523317365,0.04013420966701927,20.36464422572326,0.0050049374373996435,1.522727272727288,0.06554564640066053,-30.845226874021137,0.02129995000563323,-0.013454596625040782,3.430166272601822,1.4636411433542333,planet
17,17,48.915365885755314,1.3,1.6170585292646322,0.2081545855274754,234.99537981256108,34.14931157869028,1.7335288526418855,26.447065454959784,0.0032115555805077773,1.030452320398528,0.598421817339678,-1.0415588453938085,-0.009876553649111983,-0.0005034200024258695,3.3871331816492205,0.902596361965283,planet
5,5,483.8132837015408,2.8499999999999996,6.063531765882941,3.8393391611401344,126.01472894045314,4.552502359792535,0.011160546121227632,12.623825021651491,0.0022856722705700055,1.0,0.009588973178453818,-1.0646686354753854,0.004071220992817168,0.07311158117489658,3.40625242441721,3.0358929916511386,planet
11,10,123.83940474620785,0.5,2.625312656328164,0.42979737700036447,288.13438930341084,93.99914720027003,0.8271535363110123,45.776701750543936,0.024299321679698775,1.091650319668022,0.5016266596311504,13.46092181031544,-0.015930205445158694,-0.04478454543767896,3.4219302487430805,0.8751594898783515,planet
3,3,3072.32037724708,2.45,9.8064032016008,11.029583884997614,278.55270056253306,37.73588136420767,1.532479801866188,42.53370004436707,0.013629465710474135,1.0,1.4989728169150025,2.0057803227224724,-0.0025187715398721027,-0.059360994895653274,3.437906716514034,1.082530472794973,planet
16,16,801.1032418664056,4.45,1.718609304652326,2.674360947765498,299.5494091909132,129.6080031169662,0.2514043248987535,13.245070040190932,0.007669234894889595,1.5111785898355115,0.0532760461615653,-31.260487210360566,0.009218702867033173,-0.024208383029884928,3.48695463880247,3.717452427354764,planet
3,3,174.85309967249006,0.5,11.87368684342171,0.7431956121773428,235.27197524783864,43.80726706231637,0.5506734891335062,57.433261333561525,0.02600156102610314,1.411342865902442,0.7654910117713275,-36.40253781178604,-0.016976498428506667,-0.034499106709623195,3.402059753005749,0.9017161813032056,planet
3,3,825.4393320988097,4.050000000000001,9.683091545772886,6.342594015423817,130.14223046462058,399.4387182079026,1.1945846729554563,2.487796080141713,0.00836777004078134,1.0,0.05089436385283809,5.19629119988263,-0.012435638919721938,-0.015253523428026217,3.5592135962580196,3.5227826690716113,planet
6,6,596.1044917816412,2.45,4.982741370685343,7.168258933914205,83.15889496700144,20.456193074831482,0.03717982691746196,0.06641493777159724,0.00046651339577754366,1.0,0.013482466331878086,-1.8239304868661321,0.013722878901893738,0.18780773593911526,3.301946526140567,3.9484757581503898,planet
3,3,363.24984050753636,4.45,9.18984492246123,1.3847432090722063,262.32288999699654,33.06960751108458,0.17208384090431145,7.686863237932329,0.0017099324927093754,1.0863580703728053,0.3013237970733341,1.5817009649810032,0.016587743391646356,0.03411839925660631,3.438509438204996,1.6819066260630253,planet
3,2,173.5576750503828,0.5,13.324412206103052,0.9116329793220328,190.38108425986843,20.586025236801753,0.1853757514188542,39.5747577561778,0.03417517967661657,1.129032258064519,0.31277128994239295,20.474604141784702,-0.015379976032225308,0.026591407293841574,3.2722638812625995,0.8892053335858474,planet
3,3,1196.233032151018,4.45,9.291395697848925,5.1189574973400385,233.68684595889223,658.3686748563392,1.6768844216541028,71.18618001322741,0.0032477091073868937,2.8346322271787177,1.6796693441860617,5.77249129329882,-0.006669339684976598,-0.022967672163470176,3.3789616451291837,3.2491129263381295,planet
7,7,331.76854171791,4.050000000000001,4.235617808904452,3.428963861876701,96.75475014669016,12.751822813347172,0.047157460607999115,16.86126185662662,0.0028174754980623373,2.7178545482479346,0.01095565736596269,-2.274298938398367,-0.06011811344057205,0.025601441084318388,3.278611925878199,3.7062914664910935,planet
5,5,1581.7084587501465,2.45,6.237618809404702,13.830241053218039,114.36593568136779,738.9980922269665,0.8017128099051298,32.63431592948063,0.002985878356289771,1.0,0.05532425183127923,-3.8453905266688793,0.16923621502347408,1.0974912830920145,2.942436528726598,4.147550265385692,planet
2,2,67.54925893287445,0.8999999999999999,13.955477738869435,0.7661426025505507,88.16799732582095,20.47567972773834,0.5877478855278533,19.672023283123785,0.01257335958507003,1.0465810448381443,0.7403541719502327,8.014722369997784,-0.017644840622804223,0.032427419490139275,3.387519155624619,0.9569763190262042,planet
2,2,234.9514886510322,0.5,13.940970485242621,0.9141805615941216,257.0077493677295,4.494887322348262,0.03862594105244302,88.57275683971099,0.022354080762857186,1.222113739000008,0.07437892609018264,-8.719813136437438,0.011700901206207403,0.05893560314388946,3.233040277309001,0.8835657209495519,planet
3,3,1560.4239725018888,2.45,11.967983991995997,8.761467103566542,178.1007625842349,691.0197465654691,1.8020722611758913,54.92441125243275,0.03468798373282819,1.0,0.9763084171151747,10.92505274014055,0.0447558305020574,0.054569890809606836,3.3270438891045715,2.941191257738218,planet
7,6,57.60743214529154,0.5,4.489494747373687,0.47490478139214687,121.3031209675754,35.86180338965961,1.2234287925779739,9.153917313931004,0.0043273618597090505,1.1758880918620607,0.3914532866729389,-1.0143008626339878,-0.017163376037610048,-0.020620670305797173,3.3515967246059923,0.890154931576577,planet
9,9,90.06194300409292,0.5,3.278139069534767,0.38587187185326643,233.3985697675842,30.62090757173829,0.8372606776429767,50.728355429519034,0.007090115309436719,1.0102526351725967,0.07787820366771646,-8.788543466753396,-0.00785683059151451,-0.016189476278869908,3.366549506846264,0.9018910335815655,planet
3,2,97.45965633275603,0.8999999999999999,11.344172086043022,0.6485246395508751,150.2790339627652,19.608627859268864,0.3209310211429191,16.39800728414631,0.013677085981521422,1.4707194763679943,0.4859163968535428,-12.626211818078659,-0.018108960416095016,-0.04380038456616342,3.35685091466789,0.8629316045041115,planet
3,3,455.4561028445342,1.7,11.380440220110055,1.6619379161530365,274.05121359695505,47.71556363689558,0.16384185784728936,4.1257177360032316,0.006818739204179516,1.4686554311106235,0.007952325302168361,0.4117079845933347,-0.028432498188468353,0.04211376394271582,3.2591122107657733,1.175153929750816,planet
3,3,810.9990271848019,3.25,9.683091545772886,9.655996607475837,83.98915825601188,413.10911550043505,1.0271846435783702,37.486093771854634,0.00558379911029124,1.0,0.03284534581939007,-0.3915333297577206,-0.06228651342029499,0.004127994794964174,3.3109001781996166,3.7448601925158664,planet
6,5,74.96613690339606,0.5,5.156828414207103,0.5602057404765682,133.8189373775824,14.832033922908638,0.40088401372209564,33.83199333462095,0.03376245086707763,1.0274706839407763,0.08292987824813192,7.287122679278113,-0.0006154441096903632,-0.009371125195266838,3.4016869672731973,0.896111430130313,planet
4,4,56.09780142674043,0.8999999999999999,7.115307653826913,0.4930338649169246,113.78082809016135,14.235353872717912,0.5746908754909734,4.90551383147686,0.002035072136397611,1.0094747605283965,0.43978094871754714,-9.192936686219788,0.008861465970753591,-0.012131236665881673,3.3491404569989522,0.9329165999472104,planet
4,4,883.7511984169989,3.6499999999999995,7.492496248124062,3.1959286638702076,276.5240690156061,131.23305459689743,0.18152452554212847,6.404713117635907,0.004135749545699002,2.6567098799480533,0.13500856522302498,8.761325009154497,-0.006903887843067555,-0.042294061447042175,3.4135387912881328,2.6819449362553436,planet
3,3,82.76397352933373,1.3,12.279889944972485,0.44587183420251925,185.62278928733932,24.237106708516357,0.41235212832827356,12.85188039945595,0.006785146583376469,1.0943396226415105,0.20720023682785313,-12.163692010735971,0.030537966368009963,-0.04112234362746836,3.414047422267759,0.9310726427186717,planet
8,0,2623.429334331691,0.5,3.8149074537268635,8.962849262336476,292.7003743503551,,,,,,,-31.2031045457406,0.011073499284147385,0.006176750239187179,3.363826508913469,0.9140072023105499,planet
13,12,1376.9590566012823,2.8499999999999996,2.1828414207103553,5.513553879403356,249.74074557339569,41.95887575147746,0.03520954921412112,8.9864137766682,0.017934294606507077,1.0,0.008203997988042219,4.4842996438365645,-0.037525047949092644,-0.0393457325722415,3.4248158045770336,4.084758018637864,planet
4,4,1013.7683665603671,3.6499999999999995,8.080040020010005,5.8760077111058795,172.52672501506527,465.56383584246515,0.6495637204105683,9.87984479661197,0.003927165597616075,1.0,0.2337637104060053,-6.893019197207195,-0.0036625191567510734,0.01895534918417452,3.3653148144307146,3.3464960199379092,planet
19,18,2888.84267613522,1.7,1.4502251125562782,6.842896160544062,422.1666686676033,59.45200795214012,0.015955226665782314,12.331188308789542,0.08028304948987244,1.0,0.0023149586415612813,33.35253173164521,1.0087957869153232,2.1227992952694867,3.2049385283502407,4.433432201940517,planet
3,3,207.57685663761308,0.5,9.675837918959479,0.789085802272442,263.059930922372,14.028344761663696,0.21884805420993084,81.42746728934114,0.04499016848064697,1.023255813953534,0.23282896461154207,2.806291800050431,0.017929270414014056,-0.06354175701741305,3.38374884574182,0.948150296963552,planet
2,2,116.6568408793777,0.5,14.630065032516258,0.9843583082943417,118.51054630860605,17.22569519502226,0.2832393165036776,90.67332703316389,0.0327845296531374,1.6538461538462599,0.44144426197194975,-7.7176684837310106,0.019034359825929142,-0.009545350435813837,3.3240266276058246,0.9591194629240282,planet
27,27,50.62081842778462,0.8999999999999999,1.0222611305652827,0.17665309386355538,286.5549497077221,59.968356948623146,2.01973255344577,20.947030593299054,0.005300394054961185,1.0014758557701664,0.056889457986687826,-6.455117236070507,-0.019969645534663585,-0.03589560233012712,3.5112055995369293,0.9021129768984743,planet
14,13,1502.7620612019887,0.8999999999999999,2.0450225112556275,9.026614835381421,166.4812433684049,472.9152451238734,0.2884700644586379,237.09333280808042,0.06228422028193785,1.0,0.019860595804097325,18.59296392237031,0.4094844014272591,0.6132338102005845,3.357382607629362,3.7859376202029087,planet
3,3,242.33518795728634,0.5,9.770135067533767,0.8285138032820658,292.4938449996877,39.2379990808924,0.2546228118560716,31.34388161596391,0.04370324397809327,1.4131827961276127,0.16066650660702747,-45.216677425408136,-0.009328199688582048,-0.015042668993156205,3.288363097385549,0.8950244431414343,planet
8,8,2665.3814340279796,4.85,3.6625812906453223,11.013565792377102,242.00894463015683,759.6640981832949,0.4265857683663461,76.52300742966301,0.0025861827399726225,2.630296356132209,0.26492571829471506,-18.807666206210882,-0.4969432881110266,1.390869657783333,3.0971354188891307,4.368604314225632,eclipsing_binary
6,5,1738.4752330338044,2.8499999999999996,4.917458729364682,8.559872804310508,203.09591892047249,25.87780338348362,0.01618632345054889,48.32712823765739,0.004235622326246118,1.0,0.006267870999076863,2.7194940115382593,-0.05431193592340185,0.13893022362568797,3.448841944804819,4.423500989616956,eclipsing_binary
7,7,1196.901479111009,3.6499999999999995,4.199349674837419,5.520300694007602,216.81816724409046,700.3242053890424,1.3326572000451293,28.34768492765427,0.0028903430420228653,1.0958744804501006,0.9353831394299599,-2.409387066637514,-0.022068454498582746,0.06133583687534916,3.3392072176781,3.592413226565325,eclipsing_binary
4,3,1888.9889570782632,3.25,8.631315657828914,13.814115798327803,136.7433851471641,21.660326590371763,0.012260291707812834,5.31518753010829,0.00676016157985779,1.0,0.027164287477374847,-23.74279945027702,-0.2356451765595144,0.48760808467280903,3.2924625325977357,4.410670917161785,eclipsing_binary
7,6,1681.0422995721015,3.6499999999999995,4.3226613306653325,8.351083817066826,201.29630313811634,709.2704266089494,0.6982046481434618,11.544677158470407,0.008821056454322174,1.0,0.8732105224165052,-9.648954544694277,-0.09817333104506738,0.2575347101415275,3.2988742320563826,4.056531674643994,eclipsing_binary
6,6,906.0369096333363,2.8499999999999996,5.1278139069534765,3.407916909333141,265.86238272183374,373.8063366814386,0.9495776532615097,91.30105955046375,0.006484485289305519,1.7185505238383247,0.9362217750145571,-14.726265255227133,0.012548564247019571,0.014872261329366587,3.3444119555504743,2.344528272340052,eclipsing_binary
7,7,2955.8187355474793,2.45,4.228364182091045,16.35119398604805,180.77081943187665,1421.7457367992693,1.165089746091257,91.71236413696437,0.02174923171629986,1.0,1.0055994659592968,0.9578880165728165,0.07837594858935312,1.170493241655933,3.0836978901456726,4.331724699769068,eclipsing_binary
20,19,781.2257524322042,4.45,1.406703351675838,2.9589845431256845,264.0181930815247,326.45079806179143,0.642013070859118,2.0473787157859746,0.005062849356712128,2.8771407360644674,0.8054444530251863,-26.61479377552567,-0.0008795976084023987,0.05694423046918384,3.486073864987008,4.044860570454128,eclipsing_binary
4,3,1519.8268057333005,1.7,7.673836918459229,11.214227227744267,135.5266640195423,17.474013407711652,0.012196829157392872,16.23978727305353,0.0049923621585293045,1.0,0.018919756768714466,7.029950741532787,0.2501038183568056,0.775816916860951,3.106018266855136,3.706661611375255,eclipsing_binary
30,30,1588.7340980275671,3.25,0.9134567283641821,7.833579669947469,202.8107410616558,291.8315579864698,0.22485081673850216,47.938687377846456,0.017558225211838124,1.0,0.3618441987716421,-32.261394675603405,-0.3226177001118596,0.6085067745389541,3.085141797065054,4.578836210210359,eclipsing_binary
7,6,2477.6968750921874,2.0999999999999996,4.235617808904452,13.236882666461849,187.18129770613606,30.90006301837429,0.012951129720925266,82.13648703159215,0.021382251577518184,1.0,0.01901165303684623,-8.96572837683074,0.521497792973656,2.259498260715107,3.0064558140385214,4.664559510094733,eclipsing_binary
4,3,1646.8310004798925,3.6499999999999995,8.014757378689344,10.350931588159627,159.09978599063425,20.078745413476618,0.013198545880760682,41.926023556571046,0.004851403082814429,1.0,0.021744642156863347,-5.2885099266486435,-0.15268020581438468,0.26789615054315696,3.196585767872691,3.961007402905548,eclipsing_binary
13,12,3540.6474882328703,2.8499999999999996,2.1683341670835414,14.589092069749647,242.69142118681748,2671.3055957551433,1.0950104599925112,141.42356165647297,0.013292808679598204,1.054767539715226,1.0445898887301597,-1.3504637987882262,-0.06905993659703237,1.5737578600382927,2.8901737906705036,4.314865939355832,eclipsing_binary
5,5,1745.2735914969292,2.45,5.9184592296148075,12.047672250237826,144.8639666855543,853.8192974109202,0.8577574044552118,77.81903713688365,0.0056320080556073095,1.0483175405885432,0.8218718073601189,0.08352590219473655,0.06788373077977806,0.6912223037465663,2.985259480129474,4.016881279754345,eclipsing_binary
48,48,2187.748129872921,2.8499999999999996,0.5652826413206603,5.280985865068099,414.26888572910605,364.2272543576255,0.16457318426397727,6.817226832711576,0.06892264267314796,1.0001353783667093,0.2087950443451112,1023.8589960454015,0.5077421546095919,0.9335125096166488,3.1040906659132097,4.611788400354945,eclipsing_binary
4,3,1774.7144858571621,2.8499999999999996,7.6448224112056025,9.832177165647142,180.50066185319318,21.603401277529745,0.01297242228353871,4.307854226004437,0.0050089744701377415,1.0,0.020749553528090863,12.338331326744445,-0.03864330721962053,0.07593766675885893,3.317423497610174,4.1462372787245485,eclipsing_binary
3,3,938.8442049689041,2.8499999999999996,9.509004502251125,8.289500306740146,113.25703241792935,15.052391799306262,0.017317102357554088,2.728700753462654,0.0025594497887775863,1.0,0.016074142387706238,-15.500677162272325,-0.03133503426590711,0.09237230495271564,3.3482661622779952,3.893085241399716,eclipsing_binary
24,24,4904.950732705342,2.0999999999999996,1.1528264132066033,3.8642553488497677,1269.3133061626859,695.5041729733805,0.13409920869383576,1005.7665872219568,0.12031720850762703,1.0,0.004440636181969751,2098.5479478898837,0.08589945295086822,-0.4063055974453862,3.721443428533255,4.692023176453804,eclipsing_binary
3,2,1522.3359984727542,4.050000000000001,11.996998499249624,11.906389274416501,127.85874570251356,9.349312161621697,0.006910039147799856,34.58562368552354,0.00649509145898482,1.9534612193211323,0.013725236374936098,-1.652185200984313,-0.24612887911150816,0.6606783105690974,2.988958076680691,4.214232613618321,eclipsing_binary
5,4,4232.099800614259,2.8499999999999996,5.751625812906453,19.515874072896533,216.85422773309242,23.748142571198,0.0058924139825092875,13.718512265281646,0.014809979521463795,1.0,0.011386907344326761,-0.3699430434211948,-0.49439764003838343,1.5010523485837872,2.9850791391130764,4.548994457518336,eclipsing_binary
4,4,2125.6611352839805,3.6499999999999995,7.536018009004502,8.693392602924927,244.5145678303765,795.1136808348871,1.9995373026995484,33.3115661889094,0.0027393919734539423,1.0175438596491342,1.0266987956816616,492.88929949664606,0.11641946987008639,2.232545088528693,2.8957643174329526,3.5707293843943275,eclipsing_binary
3,2,1113.2238504648697,2.8499999999999996,10.901700850425213,8.047562598026287,138.33056119847944,20.061831870366063,0.019315736297591066,30.222075134700432,0.007969958672907193,1.0,0.03789941744203938,5.892532610296541,-0.0056028792342535105,0.04899289961860909,3.2952558228171016,3.290317161002173,eclipsing_binary
3,2,3753.9717310684723,2.0999999999999996,10.48824412206103,12.975547269440506,289.31124469097944,131.64660616143965,0.03570313853962306,42.73453735348376,0.06872119851157252,1.0,0.06894473370036458,33.368508671305364,0.13012372542778294,0.5684910639674383,3.121155747392339,3.6821423447922763,eclipsing_binary
19,18,1673.4206271796418,1.3,1.4357178589294648,6.015621217686895,278.17918825399374,823.0459438261889,0.8213610654315747,42.48657871264161,0.01778525065386939,1.0179794871350363,0.8879099598896053,36.45071073732353,0.15062247544878968,0.09630391727314436,3.28307544847647,3.1548362151995124,eclipsing_binary
22,22,4870.469034796742,2.0999999999999996,1.2471235617808905,5.6766619396645135,857.9811668483086,1107.8852937594381,0.24348854974120826,129.79892069553412,0.08250725716456808,1.0,0.0013318491908108688,1580.1196487883474,-0.007842216682183616,-0.098507753382163,3.6924657530265645,4.670536745915944,eclipsing_binary
14,13,1654.1732260198955,4.45,2.0522761380690344,6.528301459181817,253.38493272141432,364.9179734019669,0.2766271567781171,14.100685778783983,0.001455595897026815,2.4623957379783232,0.43692901071157797,-38.127056284253946,-0.3644011981377473,0.6407495430558097,3.2209251354939927,4.430179570923714,eclipsing_binary
29,28,4315.87844887845,2.8499999999999996,0.9642321160580289,10.578315715467586,407.9929702388996,793.0257959289569,0.19232637064988028,77.11702247259478,0.09781921353511754,1.0,0.3221261946883322,-83.10889225537909,0.3985436000194545,3.9455978215756806,2.4879343543600494,4.733229316545509,eclipsing_binary
15,14,5330.530484781126,2.0999999999999996,1.9217108554277138,4.31852396637226,1234.3408364268018,36.18914355884585,0.0072479792766798265,3.7842917534058884,0.007662572254632932,1.0,5.1989923410339715e-05,3654.4489883921783,-1.052029745476924,3.288832334936152,3.055144871896596,4.644675056712099,eclipsing_binary
9,9,2553.4348904464705,3.6499999999999995,3.1693346673336666,18.834219924790993,135.5742314066032,1440.348728179211,0.7311074266984368,93.43245514192856,0.007893842798323227,1.003317142129449,0.34085739826629835,-2.004949503420228,-1.4686134937842763,6.321547659062606,2.2885769029403353,4.624439834292363,eclipsing_binary
7,6,2320.2474065112133,3.6499999999999995,4.467733866933466,9.87749851582418,234.90232904556515,1069.6076851050632,1.012237582296261,6.263979096532424,0.00677958555482972,1.931621469310835,1.0115824951307462,-4.816414401420666,-0.08526292705531371,0.17083648720753253,3.26675771960814,4.268006699511975,eclipsing_binary
51,51,4512.351993891883,1.7,0.5362681340670336,6.56118974182537,687.7338061307939,1566.3666449700995,0.3668765606688107,8.922477022998976,0.014540158925898116,1.0030738008892084,0.5364723391536874,1107.5320107065688,0.5934532588451379,-0.40613844077480366,3.855298444682553,4.554391179387242,eclipsing_binary
7,7,906.2152027528522,2.45,3.9309654827413705,3.9406730576893687,229.96457444866425,394.9889656990571,1.2183993902997756,29.980861575462647,0.009776118559188939,1.8014281981567444,1.0116577997810987,6.081292100112989,0.016171388369169114,-0.02165191318041071,3.34071170149308,2.473436429598125,eclipsing_binary
5,5,5335.268443404548,1.3,5.722611305652826,18.863852406221024,282.8302686276878,738.6420314658869,0.13894002332057165,141.76662760601033,0.013936957717457234,1.0,0.169739251813262,21.699313272449672,0.9885347134373761,4.233764261099714,2.826048706827629,4.01192506245608,eclipsing_binary
11,11,1511.366545056802,4.45,2.45847923961981,9.91145229236485,152.48689096965762,172.3566013013104,0.14058824308962387,19.06789311290069,0.004660532735243343,2.50362540126825,0.24519962639569215,-14.796272986394854,-0.9020318591305239,2.0815464157731585,3.226345398559979,4.615067386435365,eclipsing_binary
8,8,3460.0547926426793,3.6499999999999995,3.6625812906453223,5.707248195651864,606.2562331315403,230.41982920275916,0.07506604867205538,72.90462546105658,0.017943939587233834,1.0,0.021601081222713012,1386.9343937534807,0.6164654301794839,5.1760275915220735,2.71292164859711,4.526482580907644,eclipsing_binary
24,24,4436.65003752987,1.7,1.1455727863931966,7.494677521584545,591.9734404518931,865.8585512770827,0.1911787968592362,56.98933927800187,0.15179640616018553,1.0,0.2771431856002871,23.3153940576436,1.34291344807073,2.3930933434795794,3.172541275246187,4.553036135305726,eclipsing_binary
18,17,3388.076194219738,2.0999999999999996,1.5300150075037517,9.880458111596855,342.90679196778314,1791.3909586349614,0.8195913451020491,8.59383233253741,0.013866191713483317,1.0,0.5325626913669994,34.958584594457776,0.6706459853779636,2.2141835074576504,2.8737119759648624,4.150847447444278,eclipsing_binary
10,9,1160.0317969033479,4.050000000000001,2.9082041020510254,5.623012955756351,206.3007512219598,15.300917882126107,0.015214939916336098,4.255291098709257,0.0012525556988872099,2.3843053021248224,0.006821076271144202,140.06996514126513,0.06507622718153486,0.42654022826033744,3.188636917688179,4.305783358870766,eclipsing_binary
2,2,146.38717495945843,0.5,13.96273136568284,0.9220449085841654,158.76360641071315,27.152239376382333,0.44605611248247923,45.629547477998855,0.05149867333833445,1.0170906603399135,0.6169278060956072,20.320367378423576,0.0387079399344181,-0.018696619431788797,3.3006747652047235,0.8483332099912666,eclipsing_binary
11,10,4252.118264933754,1.7,2.596298149074537,12.699509754716406,334.8253867323171,2162.8810551536317,1.0129828902675015,98.13191257934673,0.019929643063456057,1.0,1.0005555900566565,0.03583685814767534,0.7110210347998733,2.670238184051586,3.0192383998741614,4.038489612395582,eclipsing_binary
41,40,1606.9421802478719,1.3,0.6668334167083542,5.295203628018661,303.47127195354926,516.903421955583,0.25906974488297996,74.8723885739544,0.06182419642526543,1.0,0.41315027876018917,130.943496050806,0.30271362660204576,-0.07698271872606854,3.4935171459098875,4.189604935303998,eclipsing_binary
3,3,3093.763414748169,2.45,9.748374187093546,24.853219436901274,124.48139455746514,25.93623569778267,0.00808842823889134,314.50106208841254,0.10208164038039474,1.0,0.011659568697949287,2.2671878375790655,0.28690354683988717,7.337705794571141,2.424090263700807,4.514279772939231,eclipsing_binary
6,6,2049.115605279449,4.45,4.5547773886943475,14.537321618276348,140.95551155058007,855.4791969967043,1.0086825579948049,14.173786372473351,0.00848706992745284,1.9351827411252325,1.0076073473601272,-1.5589772661694923,-0.5348143983696815,1.8314232133306714,3.1209792271606034,4.480148499170421,eclipsing_binary
10,9,1682.3854915406532,4.45,2.9952476238119057,5.465601123498489,307.8134414726136,412.81298050266156,0.2962511216379652,0.7761771706471521,0.00664028100366157,2.9297299937406254,0.4492439100053065,-11.968783829252594,-0.08410388429256489,0.11139353672998009,3.3196509569752606,4.19902915654097,eclipsing_binary
10,10,782.2704861809693,4.45,2.8574287143571784,4.041077764708307,193.57966654656425,283.6677509527077,0.46674308460448904,106.81327609329827,0.005495152874965364,3.01997469972199,0.48669950801008044,-6.863138597990037,-0.057506251179511074,0.036651007611062436,3.3120115453795806,3.9682841526337964,eclipsing_binary
17,17,2129.4693225216665,4.45,1.5952976488244122,7.624975509908954,279.27556223024425,458.61316441051315,0.277917783942247,13.183727539223256,0.0038149080873820847,1.4072874713355032,0.44107022072845237,-50.79712422073612,-4.2324779020247805,64.59659223497817,1.7244536782535025,4.470485363720413,eclipsing_binary
3,3,4266.857914178548,2.8499999999999996,10.125562781390695,13.640417271913353,312.80992576116637,22.860839103258524,0.005567317728735513,18.524372787820376,0.014823677721615278,1.0,0.011442534027959956,21.122350946312096,-0.16888475161578342,1.5130348289457132,2.7364496654615924,4.483213503177214,eclipsing_binary
3,3,2748.0432075441463,1.3,9.820910455227613,18.52199524414221,148.36647841237547,24.904319892550316,0.009319248061932805,22.47643553987544,0.004614866488034739,1.0,0.015400888920894754,-6.985125143632587,1.4101736367069737,6.813419161574833,2.587122118059096,4.143548261003457,eclipsing_binary
6,6,800.6592563072055,4.45,4.692596298149074,3.1735486712578758,252.29146902916546,308.0387254775361,1.8832533723907217,36.932446535575814,0.006034313574156504,1.1269576731870836,1.224227469618852,-7.2555148968866945,-0.03556753236402111,-0.0045310590936220585,3.4285122344834145,2.6451583308670683,eclipsing_binary
3,2,12521.824748230683,3.25,12.20735367683842,20.672502231493286,605.7237100767827,854.4251852902197,0.9947479011059145,87.54989471537743,0.00023363388664101288,1.0,0.9973670362599837,0.3498121388112452,0.9476264398914306,16.209345233997638,1.7312113516024843,4.006538585498331,eclipsing_binary
9,9,2156.291294610925,4.050000000000001,3.009754877438719,4.431810053909735,486.54867162202686,20.205730566575223,0.011201028078555436,7.088266936627896,0.015193206361084264,1.0,0.0002443225139933066,960.940638127128,0.7900082781716274,4.699782096431577,2.7338527056217305,4.556514121758813,eclipsing_binary
40,39,1199.0377242420184,4.85,0.6885942971485743,7.258475454002654,165.19140029340656,122.90137545398159,0.19330769381463997,15.60735349981357,0.002971115720489462,1.4084675272367402,0.3206934185160218,-315.8822507448589,-1.5055471334357218,12.69098382779262,2.527768468594544,4.414309061662218,eclipsing_binary
6,6,1219.058690771164,4.050000000000001,4.750625312656328,6.521638443539232,186.92521845930366,537.6290727746957,0.9897295687857609,24.651249774132467,0.006999999836645034,2.9399789582054296,0.9964438959935948,-1.1751107900082047,-0.07119619687835156,0.05797901527381244,3.379769063318209,3.8856730323172926,eclipsing_binary
6,6,2690.7920989989525,3.6499999999999995,4.583791895947974,7.335020611298857,366.84179112653885,1139.3172314430028,0.5503180747022358,27.792887818400835,0.013560960205811514,1.0,0.02708878144175968,536.9786192559455,0.13640708028556306,1.3303129097788302,2.922603423968322,4.214151390816419,eclipsing_binary
13,13,1162.8979048217038,4.050000000000001,2.095797898949475,8.144106245455026,142.79011959976347,144.81542080107022,0.1480103035675763,7.7306061798676495,0.0008599115273731605,2.5236687231682655,0.2558061588987694,-13.280340641519395,-0.37027663096254476,0.4463960010550947,3.3607320613349456,4.560798916209742,eclipsing_binary
13,13,4100.431513812105,3.25,2.1248124062031017,12.252921410705634,334.64929516559795,1157.3738871623848,0.3012151956378512,80.3211794508929,0.035710467022195505,1.0,0.46123637318681376,-13.664017759817959,-3.2062793495709063,33.41113466246393,1.706472037705183,4.683392642717185,eclipsing_binary
24,24,3004.8880571843815,1.3,1.1528264132066033,4.887620429487723,614.7957069365403,295.7015292903268,0.08241490258728719,88.20010838017645,0.12107752079238328,1.0282100498750126,0.020471117759389507,1532.4624717196755,-0.7828811670078898,1.3537584960942706,3.434522826519782,4.318896784248905,eclipsing_binary
8,7,3599.542326250631,2.0999999999999996,3.6335667833916956,16.583381524887237,217.05719794534528,22.562771544509665,0.006336171324687314,67.25148038344564,0.06817971957510613,1.0,0.007164209085030695,0.7996429483014822,1.3665650273265932,7.449241754442202,2.6824265282521043,4.765991105907023,eclipsing_binary
3,2,1311.8678042607503,2.45,11.735867933966983,7.960925258612478,164.7883583433363,0.962741618870723,0.0007842229310528516,78.75850247640592,0.015999309238335133,1.0,0.001567216814741651,23.532459239250514,-0.014300210006724778,0.09140879397783142,3.1983966159658506,3.2225034257823895,eclipsing_binary
17,16,6670.918383467428,2.45,1.6605802901450726,14.208962053156704,469.48667738790937,1133.4396923618908,0.16809725647694593,143.81219292569637,0.1715105338723704,1.0,0.28796762089933076,-16.507405257271124,1.5062772805763072,9.811654852531772,2.320164363310565,4.6886321850832395,eclipsing_binary
4,4,2252.618684675113,3.6499999999999995,8.566033016508253,9.377571573159253,240.21343554685532,652.3093391710461,2.5456525659410536,139.65358676926166,0.009034907168542508,1.0,1.404377036146871,466.5506287191423,0.2159476882715021,1.9221019383665787,2.9322951531722956,3.135106669967653,eclipsing_binary
4,3,2108.034220199937,1.7,8.1815907953977,12.567477631610805,167.73725659138054,14.140558421551244,0.006936225794189412,14.62690523301724,0.017516269803879866,1.0,0.003111140496525533,27.82879747931233,0.3730055993341699,1.433047835010984,3.030437605416658,3.7944805662860794,eclipsing_binary
10,10,2061.2513038367006,4.050000000000001,2.7341170585292645,9.614506083311948,214.3897238168529,316.8303708816763,0.17705522576356977,25.478671282552767,0.0023320639887187368,1.0,0.29786093741935477,-12.105008095342207,-0.7325166745714466,1.4656808450273076,3.352367314670236,4.460789842073922,eclipsing_binary
8,7,1721.6361594382504,4.050000000000001,3.77863931965983,5.055779842480386,340.52830880262553,26.47113383037228,0.01771339802532582,7.454305190113253,0.006432627183176802,2.5339311938693805,0.005269253618929587,304.71154737810036,0.14533171183211602,0.6508663572446092,3.2972886361577576,4.235529673397219,eclipsing_binary
10,10,1453.9461288533055,4.050000000000001,2.719609804902451,11.01435394759312,132.00466734329206,622.814377170327,0.9853668674901528,23.621134252804765,0.012794334085446592,1.832565602028879,0.9936251615158193,-4.227183818317215,-0.4532270911098681,0.9774815601289633,3.2211290661425145,4.400255890170702,eclipsing_binary
6,1,2883.6051936730883,0.5,4.750625312656328,14.506458456836071,198.7807845900671,,,,,,1.705319645100591,-9.8744457127653,0.03332310339436709,-0.012635927769813371,3.3461079202153483,0.9288372168206981,eclipsing_binary
13,13,1469.7415159442787,2.45,2.110305152576288,5.547359813808042,264.94432762156805,429.5958556158636,0.28168517099769386,34.93933443499131,0.03354815780463363,1.0,0.3605232599359967,7.469171114271589,0.12366484752645014,0.3718954531818617,3.076130102830357,4.169678780094688,eclipsing_binary
9,9,2992.2145792363176,4.45,3.22736368184092,10.327469523009048,289.73356663699894,1918.0341305795323,1.2775469281896557,165.60864827364074,0.03138795834949415,1.0530988661674516,0.4141434622859787,-3.4963964378187384,-0.3136319456135664,0.6915775478621793,3.244758498958661,4.35507300381989,eclipsing_binary
55,54,2410.9858081794014,3.25,0.5,8.279073566046018,291.21444433919413,548.6840320050917,0.22773858497541538,49.1761772440924,0.05773555000889732,1.0070748649343924,0.37003859685752005,740.0091713332113,1.0010250731396941,1.0326334241841924,3.385848281971956,4.674302027944368,eclipsing_binary
4,3,4824.523043057628,2.8499999999999996,7.89144572286143,18.91580161573028,255.05252915348717,42.04171458699147,0.009078499256103312,9.933387818072958,0.014934154262937954,1.0,0.005842662428311423,-25.445390144485103,-0.3674649460320642,1.0890500416032705,3.076487385973857,4.575563759104258,eclipsing_binary
10,9,3661.936311236295,4.050000000000001,2.9807403701850923,19.122199374072306,191.50183718937143,1424.9277504109575,0.5425656265563672,19.91830951786344,0.006509441336078416,1.2039403464960372,0.34857865124343274,-4.1205725958004535,-3.1642936336984393,12.120497784249508,2.5659157021707695,4.717445153579367,eclipsing_binary
7,7,3677.02426968785,2.45,4.119559779889945,14.413655714363552,255.10698621888184,1742.0494542825868,1.1374501421920553,67.71052606591167,0.005055970025285102,1.0,0.9991078338205236,2.616333392269077,0.13840741626816713,1.2094316123463242,2.8150010759341604,4.3293443313363325,eclipsing_binary
7,6,2708.385300826235,3.6499999999999995,4.402451225612806,13.172164106144745,205.6142998979786,1227.3899665937188,1.0102564471594027,33.57041266738303,0.008529539565583787,1.0,0.9961839630722953,0.6839280813908388,-0.26616362616031575,0.5975767279761617,3.242413311337114,4.436145666035364,eclipsing_binary
3,2,1296.959873101378,2.45,10.778389194597299,8.887756901432477,145.9265692665763,6.542850626900531,0.005420641407537767,20.759821489968466,0.001685801850737843,1.0,0.010782832944326953,-12.812854087052017,-0.013753462405157226,0.01622707934575729,3.337315954518882,3.3276753661622736,eclipsing_binary
4,4,2264.7353982443874,4.050000000000001,6.810655327663832,6.933722221578234,326.6262082430084,1049.57084502233,1.1014850813127761,82.68097989916345,0.006241757340389115,1.0261037360636738,0.15148170638337083,609.7618228537716,0.45876218990131407,3.5149572728177274,2.7678693134147356,3.848354608925008,eclipsing_binary
6,5,142.08702801394182,0.5,4.968234117058529,0.57887698478428,245.4528885215413,17.444411924686097,0.2210775030026335,41.762953852719775,0.04879024522767369,1.0514282774056565,0.03714105853536158,34.78589348648864,-0.014496215007958497,0.022952885979891757,3.2434953177013734,0.8892827740179075,starspot
3,2,196.26575248428554,0.5,11.054027013506753,0.8780582540504452,223.52247311487594,14.057160696079308,0.09981144828807173,7.009193936924341,0.0457189741915927,3.0392790530946368,0.18150647266571876,-54.27971495564066,0.00420384666806592,-0.014319553256598727,3.3932313043707514,0.9066226801475077,starspot
2,2,68.99111133450403,0.5,15.0,0.8076836794187677,85.41847890767336,12.207686273801865,0.26264350402215414,43.31098685950163,0.01277653301221096,1.1891891891891924,0.4160216295185499,2.165574431556294,-0.020505007994764943,0.029871010550272192,3.300506226410266,0.8932887844064311,starspot
3,2,227.16403668493015,0.5,11.162831415707853,0.881640567928738,257.6605988295352,74.78058323312499,0.5086788697391642,48.768111548525006,0.05676900438785966,1.0,0.6743368385972156,-53.46616308843366,-0.007969799696741053,0.0517803036836173,3.2680949842124343,0.909568461931798,starspot
24,24,19.157682055574284,8.0,1.1455727863931966,0.08560327372474108,223.79613795117425,11.052780218301958,0.48827071614456824,5.84746666065783,0.00029844394345779324,1.0128860315015678,0.09976463098632551,-21.61959942204028,0.02591689325812623,-0.04087382033365827,3.607720182373033,0.9554556919624686,starspot
3,2,248.60850325869734,0.5,12.693346673336668,0.9996582445145384,248.6934956250258,46.090748978266944,0.19198408910253717,26.855839573958207,0.04231073979346829,1.1306830150578335,0.32212525461994196,75.05086508075021,-0.014874142803681774,0.028947331854719316,3.3160102030112193,0.9264871459708411,starspot
2,2,87.11541683086743,0.5,14.833166583291645,0.9037280314212242,96.39561217755707,35.415947373829134,0.8644728700882345,21.645782888324305,0.006919809136046444,1.1378495241376505,0.9273107524995245,-8.9762992463438,-0.03740737656648012,-0.014402748205588178,3.360262396354159,0.9248816098510909,starspot
19,18,20.704791979242884,8.0,1.4937468734367183,0.12942332550804334,159.9772830590428,8.185890750585695,0.44370014008533537,1.4361305422649906,0.00019499308109058688,1.0071607935864941,0.2868918404510064,-21.54446278879174,-0.001562343145987498,0.006959683493135138,3.462711868951524,1.0450903941052434,starspot
3,3,46.565540241278605,1.3,13.056028014007003,0.43958544199502186,105.93057866053249,6.811399767419459,0.20400577852075252,31.673657770681096,0.00165441215003558,1.0,0.1684905425286152,-14.366710328950205,0.021843166876771656,-0.025271166072798223,3.471559705985802,0.9418900248966631,starspot
10,10,52.16209159585439,0.5,2.7123561780890446,0.40233912890971396,129.64707593120954,21.25441351106795,0.6054407070060838,16.484483372880554,0.013879609068370057,1.0723219167733715,0.35798791720721257,3.704235164714298,-0.005689828814190087,0.0005331850064118626,3.3535304086155926,0.9176300733058654,starspot
5,4,61.35928585230566,1.3,6.694597298649325,0.3849920001666024,159.37808013089335,13.35394350336126,0.3115615134284392,40.92455056814437,0.00575514635236471,1.0487718834392257,0.2691700962879537,-6.522105753470342,-0.008820435299207634,0.0193597337094773,3.501329376322699,0.8859878215674136,starspot
4,4,44.95877751764904,2.0999999999999996,7.129814907453727,0.3233577746738331,139.03725544560785,18.40750536326988,0.547317958444995,0.42231662478187104,0.0009672935898970371,1.0206604403476671,0.5048498577155975,-1.7398823939362984,-0.016619920837147646,0.04185143728288887,3.2879126159010186,0.9537382243788352,starspot
3,2,188.18984126988147,0.5,12.388694347173587,0.9346428111679965,201.349477063549,0.9015863546291172,0.006652056746853723,47.989582457663715,0.065922357046471,1.0,0.01321619859070439,69.49584154458677,0.007488343806932985,-0.0019031611281405958,3.3348279283353,0.915482043776821,starspot
2,2,255.41459266156232,0.5,14.115057528764382,0.975556473037758,261.81425649940485,1.1957292964659416,0.0064102663211271105,110.40739675405308,0.07277048685881608,2.0030783364821665,0.012738873073223822,-10.155121007660028,-0.00668030701367091,0.017511569991523146,3.389663577141664,0.911170292914605,starspot
6,6,72.1690175169605,0.5,4.620060030015007,0.5260988498579442,137.1776758995907,25.751240441460816,0.5027061739042424,13.544704241641448,0.023979114805831064,1.1130861359343502,0.5508444614523258,-13.073942101482494,0.02636442793456947,0.061970469591700716,3.264931238934675,0.8654286025349299,starspot
7,7,34.4270128093568,1.3,3.988994497248624,0.3069304037707372,112.16553455249154,7.007516163292404,0.4389135937085405,14.107070157143298,0.00324387462682878,1.0006185074695568,0.24800267139531013,1.6328569385493097,0.012344214327504308,0.031555061167028775,3.3865560167500397,0.9244177847337529,starspot
2,2,152.81102140262954,0.5,14.782391195597798,0.8974377588401753,170.27478496126398,9.887444484102389,0.07476565424167052,40.6702271140702,0.033539470486497046,1.1343153210995305,0.13912922123367147,-40.09487079936758,0.007711206297938737,-0.0228748424186751,3.3882072382048163,0.9116657830423569,starspot
6,6,118.02416058280383,0.5,4.852176088044022,0.5565860539058701,212.05015784093663,47.98129906373845,0.5196380954765303,74.6497845338645,0.03442331931968981,1.2181355419675821,0.6561373036682082,-16.593612994997287,0.017577317370121914,0.06524197820599964,3.27480169315545,0.9423350204124173,starspot
3,3,103.58765765262373,0.8999999999999999,11.387693846923462,0.5879285478479689,176.19089603964977,29.445949015421377,0.5997163853919153,17.184675588088894,0.019392572264107517,1.0035399451820965,0.6070658079147243,-15.18067510453136,0.0310575895781479,0.017866042555145345,3.4472446383899586,0.9170037995017613,starspot
4,3,157.6402575618678,0.5,7.731865932966483,0.6972832140118521,226.0778036730256,22.235203153600093,0.20852373207577585,5.865678338934366,0.0035303706118948053,1.7403077471726405,0.10664782257620889,-12.092440351274547,-0.0070342905354110865,-0.06947632062183473,3.4995566115805885,0.8988781506378236,starspot
7,7,63.44912272772949,0.8999999999999999,4.003501750875438,0.36016366099519775,176.16747495404732,43.19335823405591,1.6335990147516515,17.847743274068684,0.011484025807071748,1.149596040155375,0.8671663034193072,4.616410974378482,0.01358633797551158,0.008637171190466031,3.3897535686448332,0.9476500294579652,starspot
3,2,114.3836526076661,0.5,11.271635817908955,0.8758421944514013,130.5984723415983,25.145592005726414,0.7316014313970869,61.90723473264992,0.012362500634893518,1.251591731794652,0.8449997997597147,9.604442245958467,0.010151259910304702,-0.060642131111582565,3.463987567111273,0.9264184788698296,starspot
3,2,116.96200526967448,0.8999999999999999,12.294397198599299,0.6495434156366583,180.06803310450414,18.43050859051676,0.26671398930352,34.56506086718658,0.009859230097194326,1.4339622641509486,0.4211116188117065,-13.608197628633967,-0.0031540374417941323,-0.034977127754179715,3.3589512735315314,0.9334094207461762,starspot
2,2,213.14648576101933,0.5,13.74512256128064,0.8785625740031554,242.60820124606607,6.0749820924299485,0.03088653794974605,115.12275625247258,0.019301865944228894,1.234537618726408,0.059922284000669956,39.243915435305254,0.007482936132998169,0.026000159833762027,3.387335775501394,0.9047807016245876,starspot
4,3,77.90275799330496,1.3,8.90695347673837,0.42514142802452515,183.23963005743815,9.167345412741705,0.1816955810334171,20.249966130148067,0.003257275085090901,1.0451766613113613,0.14007690115795027,-21.854830735579256,-0.004657795892815383,-0.019466976020546145,3.4442528600793403,0.888890629843995,starspot
5,4,152.94256752751696,0.5,6.3826913456728365,0.6261304700835576,244.26629086922836,53.60286121727656,0.824270174157203,102.04238490296724,0.005919426811214322,1.516320641507739,0.7875159512750334,26.13915988947113,-0.032262981770467464,0.019400403017647783,3.316014014879793,0.8587584123735656,starspot
10,10,44.38531865305374,1.3,2.7558779389694847,0.24009864776976722,184.8628431077847,24.685113908987105,0.9452427173071051,4.805689034381722,0.00495267753253267,1.0022446976254145,0.46315100156818145,1.4364942924061097,0.01188780678485823,-0.09604845260177397,3.4399445978766714,0.9216540239495796,starspot
16,16,20.327820672319955,0.8999999999999999,1.7113556778389194,0.21874790804966762,92.92806890616956,9.143547585018354,1.0350292402937595,11.446816598370546,0.0017514437418994539,1.0182092374812568,0.042969201352194314,-0.5260728468403642,0.0025869598533279827,0.04044617087263269,3.3786744992989437,0.9166195915903383,starspot
7,7,61.33593392449913,0.5,3.996248124062031,0.49063641803126906,125.01300692397866,13.114620437874265,0.3226840634528792,24.6987025045442,0.007952899592420109,1.216240619033229,0.44023533699068634,-1.3936709165607297,0.02329592360681536,-0.03415520033229669,3.4949584321073637,0.9919269862904673,starspot
8,7,71.0929598612803,0.8999999999999999,3.655327663831916,0.34727612309240846,204.71594542180148,25.6985600158279,0.8208277634349744,51.36388847637452,0.0025681823171157876,1.0050576748293505,0.6663404622923637,13.586425809841707,0.01974111054908637,-0.004699305084368888,3.329966990193757,0.8729033299181007,starspot
5,5,108.51182185747864,0.8999999999999999,5.454227113556779,0.4194541906749569,258.6976701385886,7.179071943267758,0.10375378730422465,17.683464086482026,0.012086815349443426,1.0818364388192485,0.15519744981174374,-37.5450382144038,-0.006613905031142154,-0.0013547587886004742,3.409370853396814,0.8950673251354742,starspot
3,2,147.86611175933072,0.8999999999999999,10.190845422711355,0.6968037473808943,212.20625221250793,14.143800153132432,0.14271171118639878,2.184337747901388,0.01502999492974641,1.7568601373857586,0.24977727941237438,2.376594224307027,-0.019633483368620752,-0.03201960702716722,3.442355838008025,0.9251677281408499,starspot
4,4,135.3209038879616,0.8999999999999999,7.956728364182091,0.46013364664732864,294.0904341031137,77.06078086440766,1.1162112954376118,31.93388432998212,0.026134932814683348,1.0,0.7126891506813029,73.32748586164061,0.024059673314080404,-0.028714195438326318,3.319480547449457,0.9478900972698823,starspot
5,5,56.18129945448165,0.5,5.526763381690845,0.5448699517733363,103.10955719182849,25.025939503513044,0.6171014768339808,26.431169492968642,0.013592554005635707,1.2210261048771582,0.29472726916088465,3.1617951409268485,-0.0197696815132774,0.0191405533882838,3.492291477037558,0.9206175749745941,starspot
3,2,90.77055433802501,0.5,13.21560780390195,0.9339861616106441,97.18618762133761,11.923667903757096,0.31791315294074857,47.35135889522013,0.0118753412150886,1.6081248639170744,0.48244932108214794,-1.7515150244618027,-0.004063187377868221,-0.0051841864869430765,3.4567909519011764,0.8974328182375172,starspot
2,2,85.76082754491472,0.8999999999999999,13.904702351175587,0.6845403718345734,125.28235159465476,4.4925535180873055,0.10154247802642193,26.127997086899946,0.00870869089597603,1.5217172332604443,0.1843641621671285,21.76076434623475,-0.023546121798630047,-0.03116681751005812,3.476770907053258,0.9570948218707376,starspot
3,3,192.66766275491258,0.5,9.864432216108053,0.7487163625845156,257.33064266131106,31.65386625055789,0.24884049533832023,189.7633424642331,0.03563987686012399,1.130279641292509,0.32930365787629723,-58.15549411980481,-0.007286434069598677,0.014099056471099658,3.159864370309942,0.8875662944721399,starspot
3,2,89.64947037718181,0.5,12.918209104552275,0.9829535216345007,91.20418046634445,4.203216098952467,0.11604861387703784,39.57521213648896,0.010990403931228254,1.9283008855603054,0.20796336724777054,-1.9066807823708842,0.02875054003439638,-0.01375803888289795,3.450582705507866,1.0036248425671417,starspot
3,3,218.44173249103576,0.5,9.18984492246123,0.7661118067863395,285.13035637363157,50.05253494691684,0.5047051031475714,27.867131998093875,0.024324087579623926,1.505867720647589,0.6555510788082946,35.496596090478505,-0.009360918640806147,-0.0011604241765028611,3.410358038600493,0.9302083450019897,starspot
3,3,193.2089660243269,0.5,10.256128064032016,0.7153745523466915,270.0808484038613,88.7938134062104,0.8592090740978543,82.12915940641885,0.042282731667691385,1.2294957002310407,0.6173852540348097,-31.95128874722286,0.006200736459275039,-0.02412771202495012,3.361529320906934,0.8675000440794683,starspot
3,3,142.92946484273727,0.5,9.240620310155077,0.7304192275171528,195.68141069969408,46.462788935880646,0.49784219507455935,109.42550472303748,0.03786494423249198,1.0,0.7845412322003449,-6.792939776234519,-0.0050119346045916545,-0.01623317387057721,3.466999559064567,0.899328388280834,starspot
11,10,85.59989164858773,0.8999999999999999,2.6615807903951976,0.3137994981828355,272.78530445167536,36.31149171017175,0.6706303370001843,29.160482985512992,0.0039408574487618565,1.0233622413439618,0.518232534272881,24.734677656068627,-0.010688298368594789,-0.009559613415826895,3.3798319593578,0.8642299386981438,starspot
3,2,101.47981948878801,0.5,11.996998499249624,0.8861187685342625,114.52169064949018,22.28631599093811,0.2819857740758519,60.133160022735055,0.009750039181428097,1.219812912832664,0.4399202858224034,-6.317833552316188,-0.012632062589797497,0.038772684573866734,3.339175400065708,0.8974666777759905,starspot
3,3,120.20579364103322,0.5,10.125562781390695,0.6820321387799858,176.2465238897048,21.20501836435881,0.19058281953217454,60.36403583131733,0.035355396037866804,1.0520156880169473,0.29082507494310655,-28.14107957171963,-0.007202852560743664,0.061862478520481545,3.1806441122973,0.8872751776615165,starspot
4,3,226.18488991288623,0.5,7.594047023511756,0.7768042271311155,291.1736085013719,82.74405786068917,0.640628106468678,72.92459293750665,0.07070783808868146,1.7223009946048142,0.8455001831373943,-83.67888536353618,0.02033217155182838,0.010881682367333223,3.4011982354933945,0.8983419492758397,starspot
3,3,129.2217388940902,0.5,9.559779889944972,0.7557451872624769,170.9858574980384,41.154661821691235,0.4334788743778998,16.393867326769396,0.03507596891194749,1.0476190476190157,0.6135020781986947,0.09631939479337603,-0.012826466102262797,-0.010406666479256366,3.4074524087436933,0.8933736527104043,starspot
3,3,43.297368549608414,0.8999999999999999,9.538019009504753,0.5099842673066158,84.89942009049645,8.91678427336669,0.527872587763876,7.881075752114164,0.0027273320967226293,1.0,0.7434776110110204,1.7266871737975364,0.014938646365318373,0.06787680667902185,3.3979582199842997,0.8966904773703357,starspot
4,4,174.8124656489356,0.5,7.840670335167584,0.6190357851136703,282.394765945293,68.8889562200818,0.853899470427004,46.04048143375117,0.022163937572567717,1.2652829910943362,0.26967808210599864,5.573605101227841,0.037730761499859315,0.013878759312945022,3.4514289801176505,0.9069959232284655,starspot
4,4,152.54448017230644,0.5,8.065532766383193,0.653002549665113,233.60472367303564,12.125529894742838,0.11091481033898865,106.45965121047763,0.002933338221312614,1.0,0.14437758610840803,-29.38935611451754,0.0065084515332835945,0.01857049996914073,3.372333767261903,0.9170012148060407,starspot
3,2,69.57211064452436,0.5,11.177338669334667,0.8690040800979637,80.05959032629792,18.203787403026084,0.5011162090096349,17.36128498019962,0.018754612547009056,1.85418256672754,0.6676581146775405,-11.567844805604466,0.009937336535646648,0.005058747614617776,3.3812400927509283,0.9172009550797244,starspot
3,2,176.97829750615833,0.5,11.438469234617308,0.9004615899563527,196.54175089771107,18.898857382376733,0.17841404845786984,33.635778318941156,0.04327971111982958,1.8684828408947955,0.3028036685261028,4.370685962706844,0.01527220509631196,0.032352135679766914,3.398787193575425,0.9077564765097056,starspot
3,3,79.49030834671565,0.5,10.742121060530264,0.7696743735832836,103.27784200043176,20.442738997706194,0.3606011677465677,18.118278754308825,0.0045322114585989864,1.102378527690998,0.11992252759534819,3.344362313528748,-0.021430936867630156,0.05325190557698578,3.3249929028051968,0.9465686210138623,starspot
4,3,77.78373847820576,0.5,8.964982491245623,0.7874703931616389,98.77671485007767,16.690990468529783,0.4197843527568093,32.100330086048956,0.004269768103000989,1.7619047619047852,0.18670469579602525,2.1449877045665033,0.0022157733999954724,-0.05644377051207705,3.3384573870882863,1.0998299990481104,starspot
4,3,116.67915064073006,0.5,7.797148574287143,0.7521494776294682,155.12760975180757,19.75885717021052,0.39311539609605883,71.7510750464223,0.02306248079443604,1.5051328943561142,0.4565950650851314,-14.908978404171158,0.0046315228196474895,0.05265784602271628,3.3849165281455336,0.9562170382562338,starspot
3,2,164.5916093251024,0.5,10.357678839419709,0.8587600145340739,191.6619387715702,11.858896222183276,0.08074234087348431,57.448372743018616,0.03317683022088506,2.121469695465901,0.149420149132357,-19.55349757887248,-0.018685259437384267,-0.03278558525767217,3.480509688136492,0.8978650500199903,starspot
4,4,112.92731181987534,0.5,7.311155577788894,0.6120437929194968,184.50854845076236,36.389204854811204,0.40056956751858247,96.78986513872445,0.010316705670805292,1.0559691882978337,0.5129087944184424,-28.104204865986304,-0.0003228318330122735,0.01895986987202214,3.430952227226628,0.9247179177163244,starspot
3,3,74.18168434436942,0.5,9.25512756378189,0.6938224720300327,106.91738497215812,21.933955586985693,0.4869048145894109,54.732166709481334,0.007319277496219322,1.1764705882353008,0.6395116840739656,-9.840587929299538,0.008483511273089791,-0.01912669751172924,3.377297687985896,0.9246421017161843,starspot
39,38,16.13234745548356,0.5,0.7103551775887944,0.1837710019001784,87.78505470763231,18.70202083988871,1.7949168048743185,2.580009943020656,0.002814575315319791,1.0090821004709123,0.0812090284582339,-5.994536746101176,-0.006891090660490317,-0.02507129936342034,3.440563536467704,0.8519800025522227,starspot
4,4,119.70781703975791,0.5,7.079039519759879,0.6221893573827428,192.39772525732718,24.01632859501819,0.24595349844044684,110.07872005541763,0.05159718851062614,2.527935936134394,0.008648504048464368,18.963401315907902,-0.012969236642142948,0.02172454024731607,3.238562118634998,0.8997395226264367,starspot
4,3,188.20359690987272,0.5,7.775387693846923,0.7336711947834272,256.523083157747,35.53855739671012,0.25803072344463573,1.2002147435907773,0.025380660923728027,1.0519736560749093,0.3236591749570374,92.56455421990938,0.025827804727796794,0.07040120778419912,3.376399501235448,0.9338009871927488,starspot
5,4,126.68345147120252,0.5,5.4687343671835915,0.6473931464034373,195.68241056456432,22.18403693125453,0.23529955109026177,17.118613169220254,0.0171507600398414,1.1800612984783443,0.12176085611902263,-41.47314089131271,0.009847405769926222,0.0007480605972634002,3.3258942198153445,0.9314856562632586,starspot
2,2,230.95417374876632,0.5,14.673586793396698,0.9065048123760022,254.7743493423073,44.88620093823225,0.34216305399801045,63.70299597890927,0.058308308194560295,1.6504064789596296,0.5098680864128713,-31.932616245011758,0.00799512416718587,0.013550990621638448,3.465080927967667,0.8984858856691398,starspot
9,9,105.56147885202688,0.5,3.1548274137068533,0.4356665855650039,242.29877238606014,45.672875247953286,0.8894088594444953,14.67152129597249,0.026603927106294112,1.0535586529761345,0.6691620771786381,-26.8694578580142,-0.021827966051133303,0.015418360071732362,3.4014969341246024,0.9119438209108542,starspot
4,4,173.01271478823364,0.5,7.427213606803401,0.6228966113579012,277.75510676012453,94.23375451906085,0.6391021403069991,47.38839863183131,0.035237941110798185,1.0145927443470313,0.10836999030700054,-38.23161033633671,-0.013545730055395087,0.05485750422801505,3.2322534677453585,0.8825841417493473,starspot
3,2,255.03436294103102,0.5,12.482991495747873,0.953848836389474,267.3739833938381,44.21747789867814,0.338512079654106,77.65135227766339,0.047481828882286824,1.125,0.5058035482826322,20.759689642879664,-0.022792951414471796,-0.02208147411225969,3.4165991881176665,0.9335382453273955,starspot
2,2,210.0355624034172,0.5,14.40520260130065,1.0014281242255887,209.7360332932922,29.379721113498285,0.23826605295343697,42.20124418685689,0.06434151226422377,1.100385841068681,0.38483822177817,-14.248329645916158,0.0032262133632440333,0.022713524779524263,3.4795145703947163,0.9137807310074549,starspot
4,3,209.4230032948874,0.5,8.870685342671335,0.7585137398916599,276.0965191280513,15.082882054274814,0.12576507163837014,34.21607648190772,0.05641629996006967,1.095228891882055,0.16839195418195582,-3.323593989024154,0.002524898729084359,0.010130344579626804,3.4084624240282335,0.878404438272843,starspot
6,6,86.65057356840269,0.8999999999999999,4.931965982991495,0.3848711497353865,225.1417744041824,15.29269299583973,0.29206120192006796,35.36206431253852,0.018421431452985502,1.023751585555927,0.2153984835825382,0.026036109268545715,-0.0036335600400817423,-0.009065619422023552,3.4755101176282697,0.9010400653296646,starspot
5,4,72.01634377592754,0.5,6.215857928964482,0.6045145721206419,119.13086482480254,10.665625663499881,0.19240094356894485,5.944979951544305,0.03283846546207487,1.0,0.05442674565275659,3.5331942174199327,-0.003071626615089624,0.001825956839348386,3.2194247375758027,0.8769769805761455,starspot
4,3,57.51194095076318,0.8999999999999999,8.478989494747374,0.5088879514189503,113.01493932092635,16.187657784428634,0.818729032628115,15.267679093322606,0.00778764131229703,1.0404779109131468,0.5790094627236797,-8.379243747747012,0.010201065683231687,-0.04263701470216663,3.398397782806331,0.921444846982282,starspot
4,4,100.28217760614062,0.5,8.537018509254628,0.6707492254125482,149.50770542367974,32.35754394901239,0.5835160238557247,26.488051166007054,0.01630038184997995,1.0323561414999856,0.3992702475584793,-17.245953159772398,0.007647899737494904,0.013945801185896833,3.40475160951557,0.9185931049072174,starspot
4,4,178.5182267329831,0.5,8.587793896948474,0.6184919814552141,288.6346663912406,70.40774041879475,0.8020536608426522,63.54707477806976,0.05721992576699016,1.1795241506940541,0.5859233748934154,1.8641246204431638,0.009790657479017374,0.04916377662388438,3.429329093204377,0.9026797300590309,starspot
2,2,186.158959648528,0.5,13.74512256128064,0.9014054705587821,206.52077863819474,17.58836589327295,0.1165038060362085,76.57533832339247,0.08813862041742097,1.15624999999998,0.20869397024237327,14.040372938839418,0.02068308253006761,0.009855631321534997,3.3312417850226765,0.8835114596833001,starspot
7,6,55.310128554760595,0.5,4.30815407703852,0.48950182813106086,112.99269047867922,29.189162940728917,0.6803594483273155,6.157107002802142,0.010524054742167594,1.0619267650331794,0.5210694356095599,4.9923927276651625,0.014854822398823766,0.0047716130503734355,3.383287541782447,0.932935181514365,starspot
24,23,40.858042497146556,8.0,1.1673336668334167,0.3411564291918512,119.76336659969498,5.384159192121125,0.1367372245693554,0.007027748716303961,4.8300425148719013e-05,1.0153577346372655,0.017608620148650375,-37.708509165956805,-0.00792724266824108,-0.025207427976333907,3.445691736905893,1.4239149457877422,starspot
5,5,120.52746363243912,0.5,6.172336168084041,0.5545354440967563,217.3485300452847,25.777869655604558,0.3810077959173322,53.76559615100085,0.008395492326554373,1.2179428421446012,0.5928027749120155,-21.138863491421134,0.03470019930043024,-0.0012802266417879515,3.1466330571098244,0.8757914076886713,noise
4,4,164.51851439504483,0.5,7.369184592296148,0.6464891098934357,254.47994695867857,21.905778534734313,0.18596847074320896,67.0279472612112,0.039568631645616664,1.2162771624604913,0.17544708790203112,34.14137598900524,-0.004756398107014408,0.041013797555891074,3.2681476265810128,0.8875899235850055,noise
3,2,229.46928523428338,0.5,13.10680340170085,0.8287815300957353,276.8754815370664,25.280080748535383,0.23352246256430426,146.5930624565681,0.029604610400815495,1.7460460027995082,0.3786270127239464,-27.590332412286145,0.004895609418105927,0.06634962475222173,3.324217519266026,0.8910929490661702,noise
10,10,58.11927594384076,0.8999999999999999,2.8646823411705853,0.31837078016812936,182.55216736017164,34.62968638160927,0.8972840433863905,17.33642712276051,0.011858881510645255,1.0266928790751952,0.4903320464289293,11.042701651531317,0.008001340105033816,-0.011519880488086276,3.508432982865426,0.9620683785663031,noise
6,6,56.57413117003955,0.8999999999999999,5.07703851925963,0.3781070204175473,149.62465152740137,23.308432740699292,0.5674928327501472,24.622769530413535,0.004995880432693773,1.0014869779833795,0.14734994358653197,19.696302086091855,-0.006210397337140158,0.03604497993272071,3.373538852752704,0.9191079907533664,noise
4,3,159.58660292538778,0.5,7.724612306153077,0.7390796731084001,215.92611558941005,19.94842579689843,0.1591596980794998,83.96515069664102,0.027026774764715728,1.2777784802379544,0.27948158392398703,39.03345238276401,-0.016257000067483034,0.0026930956819675167,3.4006206086327992,0.9051871467396657,noise
3,3,202.52945769910866,0.5,9.922461230615307,0.693782595749205,291.92063758878277,20.31993690951042,0.18996468510024206,44.47073559088466,0.02732991362821196,1.0741864325457797,0.3802277514391447,-55.59617901051972,-0.033120947667601486,-0.02261638340656269,3.442518082930521,0.9427299437676648,noise
4,3,181.23373616646825,0.5,8.776388194097049,0.7320341723589017,247.57551356169884,77.32561922265272,0.6072664266881372,24.938706141508504,0.026927684245689497,1.0239955185958118,0.7095951524356516,-17.63779906016616,0.01105850192767856,-0.006136463738368292,3.3235108170800354,0.8984200650273991,noise
3,2,69.08846885185213,0.5,11.902701350675338,0.8472860833736914,81.54089888595632,1.812577224646894,0.034571183928581294,3.2592507956952232,0.006330543358053749,1.024999999999984,0.06683190961747842,-23.083185321404187,-0.006638243500511041,0.017307232784273374,3.3783635890464176,0.8654360348864346,noise
3,2,92.46180500165413,0.5,10.72761380690345,0.9725444369465108,95.07206199436567,16.7272717791489,0.3494390845039174,15.268712510563276,0.014170496658893965,1.0,0.5179027175315271,-23.283646434002492,-0.029166611088227712,-0.024203934474230415,3.3984762527919754,0.9455055905519142,noise
5,5,127.87962396403188,0.5,5.650075037518759,0.5765254016037077,221.81090999340535,40.08246525405583,0.6561738940047671,10.960664463821601,0.03680539363050994,1.0922540214370249,0.5548251325746446,56.071567490989516,-0.007083498332597642,0.0027790445525153196,3.4710482481354585,0.9404212477016637,noise
4,3,127.81180081977232,0.8999999999999999,8.413706853426714,0.5387129519917288,237.2539964877895,56.748332014142505,0.8686129796077288,18.74991465566911,0.0015628351691596334,1.0,0.2351310098758369,-11.455848315744532,-0.006274106647180267,0.044995638542823624,3.3658021776295706,0.8804340634755912,noise
3,3,146.01332384154895,0.5,9.82816408204102,0.7177006453714402,203.4459976916712,19.649001490232113,0.21992122013615437,10.004384861206361,0.021694483064680994,1.0508748050628614,0.3937333408711618,-34.6738925014467,-0.009544855858364962,0.07175244462864017,3.4581909496981265,0.9159773796362127,noise
2,2,249.6930973204013,0.5,13.940970485242621,0.854934063568091,292.0612336795896,8.494193198427261,0.08320981620804092,90.13025382265116,0.025272970871228796,1.9138079506742791,0.15363563912175565,-1.3061924306612127,-0.029553355294802876,-0.029568871177722222,3.348924143981923,0.8724448872013928,noise
10,10,50.084328500411495,0.5,2.7848924462231115,0.38972212146122315,128.51292175210747,34.897200615685286,1.0260491666082059,22.157498539177034,0.01604320457442442,1.0026477885407767,0.6110796331031094,-10.019715545150909,0.009406756319353865,-0.013134148183422845,3.407523239087544,0.9601846810967158,noise
4,3,94.41098346141524,0.5,8.660330165082541,0.7064972603781663,133.63248345914312,31.291833716008973,0.5800220655792034,81.88805184594639,0.031160249946367295,1.1721902176534151,0.8481692485348995,10.814090289468226,0.006641003319153579,-0.012473594473293659,3.315867286632697,0.9132580636051228,noise
3,2,110.61778826314931,0.5,13.433216608304152,0.9113217009630545,121.38171201920474,10.188020697965431,0.14359811151016524,43.15672708476992,0.022513290737888863,1.049999999999968,0.25113387310606594,-21.820481895251653,-0.02238664580482372,0.006221891181644956,3.4198114778567636,0.914642597023449,noise
2,2,62.05519360550387,0.8999999999999999,14.796898449224612,0.6895277319635116,89.99666108974962,1.8394285467571159,0.07818140368413733,16.45059728094811,0.0031488419961325114,1.1161163697548961,0.14502458198034596,-11.501547595327288,0.0018855928163456462,0.055568016235861606,3.299944097148109,0.9525617506584806,noise
3,2,257.26912422162707,0.5,12.845672836418208,0.8838856948147938,291.0660572185573,21.554314334815146,0.13240017921173278,4.018125897675695,0.08777886039096319,1.1599154124458937,0.23383991214818944,111.42090715843267,0.020865780088892113,0.038095196120094155,3.2102897662672625,0.9038496899507518,noise
5,5,79.44280082906496,0.5,6.179589794897448,0.5206922276970278,152.57151269653653,30.77749646204551,0.8647019752113597,21.075096025668927,0.01653463837639483,1.168771628612587,0.49106180381662873,-2.981250560862847,0.019371725473973415,0.07107044739007273,3.354323914687084,0.8777802469080013,noise
3,2,281.9477213516011,0.5,13.469484742371185,0.9543158688398165,295.44486323419454,49.61404817949155,0.3105383820635402,8.312621564865452,0.09617190869170988,2.241220744354914,0.47390963334408326,-40.33476645737277,0.004080733259603211,-0.0016357527548649387,3.3607984927258325,0.93653105587789,noise
3,3,149.4800865851025,0.5,10.241620810405202,0.7876651034893837,189.7761953943377,10.543540179890913,0.10388142688044184,79.5345227302402,0.05509026850383135,1.0532846516567407,0.03286425069541544,14.701943730655032,-0.04848973915690152,0.02081803108599356,3.4688360147458894,0.9057883253099408,noise
3,3,209.57545976661348,0.5,12.105802901450724,0.7611800631737363,275.3296754683638,9.382390517257411,0.06786693919683152,6.987967434590736,0.06426964606114828,1.8478005431238773,0.12478533923165055,-21.291166569570308,0.038735210999553335,-0.02006886600891411,3.4521965540213144,0.9447209470450225,noise
18,18,93.40359224016791,0.5,1.5372686343171584,0.3315588294668551,281.71046565208474,79.27860366227185,1.6398667251722092,34.876448955056816,0.013493571098735817,1.0252562222378174,0.1268974697545088,-30.0189460379352,0.016633932437050518,0.008774498744401615,3.3272400194092877,0.923624058274149,noise
3,3,133.34354845831402,0.5,10.930715357678839,0.7577348632317255,175.9765254690885,9.896764859981712,0.13632251207779608,17.86519678326215,0.007646236629331233,1.0992807512139338,0.25213589924389207,11.694115555238582,-0.005888309722193847,0.0055429483225934995,3.3924714150617596,0.8853709359050631,noise
3,2,129.28782710850436,0.5,13.404202101050524,0.9460198644518251,136.66502360753356,30.0112609828429,0.352628596620423,58.22942389832608,0.02207051622728664,1.0372941665050943,0.5213975181383486,2.657699559871496,0.009517009716369124,0.0013612495108121792,3.350417619519745,0.9489014990693453,noise
7,6,75.05151732667198,0.5,4.170335167583792,0.48801914063988144,153.78806091143446,48.0304760037767,0.9777982558729054,6.327565760799736,0.012987135207673745,1.1622773896150027,0.4416728495150774,21.387915089432497,-0.0057147111105139365,0.04199205987063559,3.430906831533682,0.9056622274756018,noise
3,2,96.3289382563634,0.5,12.990745372686343,0.856281682375373,112.49678725947,8.60169845079417,0.18566028950666316,61.3674471984238,0.013798703954615436,2.623229965150602,0.31317619582910017,-18.483769794741534,-0.03239801839787994,0.015761506943832604,3.3382710680580434,0.853993871862111,noise
3,3,66.80379592865273,1.3,11.989744872436217,0.4383539784279294,152.3969194216771,24.714692961845508,0.6100526001710876,45.20017829634515,0.009273090296341492,1.0582063032874982,0.8390390569062145,-23.08727025468471,-0.016773874993389285,0.007501113610437038,3.302296013492352,0.8878908950898265,noise
2,2,258.3695381024265,0.5,13.774137068534266,0.8780344428985798,294.2590011042087,26.543372340537275,0.15108812414071904,50.79670011620685,0.02567984313010556,1.0217134029977755,0.2625135660286748,-23.414539302102355,0.006447551796415943,0.03440516716884989,3.4890588066795667,0.933267736989798,noise
4,4,171.22562793591612,0.5,7.071785892946473,0.622873768734738,274.8961933069229,62.27229243436557,0.5947592351940293,28.972757315948172,0.02605328150216926,1.070185444147085,0.11157524774643109,-0.8965956103113015,-0.0002590121421870087,0.04105346311982583,3.3848582934752587,0.8612032954561851,noise
3,3,153.12459503134454,0.5,10.053026513256627,0.6975726766659751,219.51059746663006,26.413881923116975,0.45003041082325984,42.35895515591892,0.073886441256905,1.129912303499074,0.35554504805482695,2.123037626033941,-0.017208496648585113,0.0035617552932087904,3.4209838719749524,0.8653090332238071,noise
4,3,195.1365649930562,0.5,8.914207103551776,0.737417941922767,264.6213956826856,36.583853833678525,0.19336199576271548,74.93593675389488,0.03162364376892049,1.0209060171773952,0.09589577838590362,37.81366073174475,0.01500715845196689,-0.017394785749450747,3.3825623554702253,0.9517226379659456,noise
4,4,65.58809427279934,0.5,6.9557278639319655,0.6261897991534275,104.74155657193819,32.99139483594989,0.7379079421040913,12.921800839782449,0.005205549141719484,2.865398606518828,0.24298443708125844,8.212620859815445,-0.012301652670278669,-0.022493133778561436,3.4745467586368073,0.907856278131282,noise
4,3,128.68698517004077,0.5,8.674837418709354,0.7078491346702577,181.8000176407476,20.46643173666957,0.3739241200201147,44.417683626063464,0.02978109430372099,1.1564547196662462,0.21663434936745915,-22.491846016547967,-0.00549610058030123,0.03381866234293529,3.3812502454095834,0.8988611179224237,noise
3,2,179.65356584675803,0.5,13.396948474237119,0.8202485973283306,219.0233137025969,30.691987277453592,0.41529066221910343,17.61914799147668,0.03090600673495644,1.0,0.5868627177514885,63.81348499151507,0.02226960908634037,-0.04521959477663806,3.4231557114355518,0.9231629587879261,noise
4,3,116.56607676795771,0.5,8.986743371685842,0.692222200910718,168.39401656664327,31.754177722489256,0.5533934812999416,86.31062339570228,0.0364407819338379,1.2999999999999914,0.14587099308957846,-31.71899127085709,0.015129943537526494,0.03799053934954921,3.2859453201546063,0.9004900812796389,noise
3,3,174.01015652226832,0.5,11.953476738369185,0.7280816512182126,238.99813466129493,63.686592199824005,1.6650485837313376,49.460008202828476,0.025188392734456166,1.02543268058828,0.45299898118259946,-72.84578058530667,0.044874548089534276,-0.028241966688375975,3.3425212869623575,0.9115994921347349,noise
3,2,162.04711122164093,0.5,10.858179089544771,0.959249692042142,168.93110580693502,27.23811370602958,0.25658940717726847,110.71562449271877,0.03614978167034584,1.9036657567126205,0.4083902119685322,-25.901553082796624,-0.0036861287984834203,0.01149128758911111,3.339607155499718,0.9244255547912015,noise
2,2,120.63581049935794,0.5,13.520260130065033,0.9472569122992097,127.35278986410052,1.7497886866113532,0.02026165824436658,6.943586248420175,0.03443951373263066,1.1327961277936445,0.03971855274701235,4.705056048104339,-0.01857625355593876,-0.01959056182532315,3.4440635990133983,0.9346998617815159,noise
3,3,187.94319781594686,0.5,9.226113056528265,0.67548126057342,278.23599081993893,46.91171982363606,0.4613184498717009,88.89611365936467,0.08870327765379064,1.7164677537264916,0.3413078209579113,-2.4901702779800416,0.029639376003834605,0.03165020022913145,3.4282357165554886,0.9321926345589923,noise
5,4,129.19165531654667,0.5,6.491495747873937,0.6100303866723593,211.77904927207194,45.61081238909889,0.6744679681565509,58.924492299716746,0.015926790306593226,1.6942284273449482,0.06351090405883572,13.77230063415169,-0.012051471621403168,0.016568994239826385,3.3812914551117355,0.9562523458084119,noise
4,4,165.0247095964279,0.5,6.774387193596798,0.6950671367118608,237.42269038514286,45.67234416631932,0.3462971200577616,24.718550301616737,0.03148996586357568,1.0568712147728618,0.0037160039368820666,1.0015129461304895,-0.025099410696407344,-0.02114732512538442,3.406805838514242,0.906466597588355,noise
4,3,198.98885124174888,0.5,8.57328664332166,0.7248709872921429,274.5162307917711,16.418430398591155,0.14128588552059945,218.76687064392718,0.06339702395851296,1.1685059460947655,0.19544449658103805,-7.271617126325403,0.03261435207373708,-0.06837781586231229,3.4633619133479754,0.8609934565825532,noise
3,3,138.7198058964584,0.5,9.044772386193097,0.6808313599359309,203.75061147229255,57.99402670397978,0.9849801467757879,58.614311852944745,0.029434948622337608,1.0,0.8929622357898831,2.3816503255114085,0.04445195483082035,-0.011863345418114069,3.4790004112085158,0.9048444751607175,noise
5,4,174.12543316988737,0.5,6.005502751375688,0.5853868063486961,297.45363455657804,64.79220388866602,0.751282456195802,11.973572691448275,0.028570482599266894,1.2317437349586586,0.365263998619248,23.917490877045644,0.004311454784147889,0.002745963454298117,3.4211801766901613,0.9214072487801183,noise
6,5,76.86048393437815,0.5,5.12056028014007,0.5520046805012504,139.2388264979649,31.62185032332533,0.5884865247440515,64.8984326134805,0.02552943880025881,1.0602378871067093,0.3013236077002153,1.1013554522820712,-0.008628744512048802,0.0033597101942373087,3.397979584006708,0.8902095887947385,noise
3,2,68.18770693255739,0.5,13.244622311155577,0.836696101667799,81.49638416700856,5.033954485922365,0.14144907602087842,6.038009813691403,0.018343813917804205,1.0,0.24784123793585888,20.91680551519204,-0.02042536025936823,0.038271609310355004,3.311706379178819,0.9146979603568466,noise
2,2,186.9806000434929,0.5,14.376188094047023,0.9583021751909909,195.11653514323643,27.032894962586433,0.21909324441309694,17.17863622641147,0.07030397648643182,1.4180666030396583,0.3594364014683292,17.383221556976913,0.008347863931446136,-0.026150797330320774,3.3761968567357705,0.8846249436640126,noise
3,3,153.47047862523593,0.5,9.247873936968483,0.7261930877468749,211.33563678139868,16.077508855147308,0.14909671290471563,124.50536948405144,0.05372297853017627,1.8310227835665753,0.2531245840217872,-28.683357604197823,-0.013763132403074944,0.010540591151945389,3.421736550641461,0.8887151348488227,noise
3,3,88.50333774927437,0.5,9.76288144072036,0.7825571721011921,113.09504392073994,35.9572453486356,0.6349306565438905,24.923989483616182,0.04544765115834015,1.0742012203338507,0.5134522791948525,42.52916672464746,-0.0190151927533625,-0.0821728842112277,3.4486699635556,0.9317311372363131,noise
4,4,162.40880312687912,0.5,6.9484742371185595,0.6547900617625,248.03186946625758,20.88168980130974,0.1636181568638015,0.48968699195572896,0.05601587164076072,1.1447540587110254,0.330313993220114,72.50134625569338,-0.005567616432099737,0.014056699163225606,3.181517300603867,0.9177971658662892,noise
6,6,103.70719978434673,0.5,4.7723861930965485,0.5549801574764527,186.86650033744124,58.38821339212755,1.214995055102421,51.57629411556286,0.04942123046093709,1.0,1.0290946445237348,-12.115694319581038,0.009764011650989259,-0.04418127141702133,3.2333404811073247,0.8986714236769093,noise
3,3,111.74007545518921,0.5,9.516258129064532,0.6844435436865465,163.2568186023574,47.32984289019171,0.5384378088746047,114.76312149216739,0.015764218048520316,1.03887766083104,0.7923186603221284,-22.903381207250995,-0.0015017114765149375,-0.013614735908381803,3.2946789394398603,0.950911863747085,noise
3,3,154.95627030265138,0.8999999999999999,10.923461730865432,0.5218282877179582,296.9487740503699,13.086649202554923,0.13224086662388687,107.41359936272676,0.015920615203167936,1.0400000000000007,0.22764248113043958,23.76861536701469,0.008490237231697714,-0.017354803881413527,3.4735161673325563,0.8646076439292326,noise
3,3,132.2481283141556,0.5,11.14832416208104,0.7128307718122404,185.52527969287743,37.528791037632345,0.5210169058524916,2.6068416144608975,0.03289531289816713,1.1374054825298563,0.16472410326490294,26.977461676791492,-0.006459187780704073,0.004946734750448378,3.412220327575307,0.9235370698288163,noise
4,4,151.8516715219621,0.5,7.050025012506253,0.6146184011021318,247.06658838990526,47.75722430654816,0.7858078886657038,62.865723982508115,0.02718269651801994,1.2087164981667597,0.36941029810535886,18.774627483564288,0.008197720668776345,0.0871785505418936,3.277350444748084,0.9228900869051243,noise
12,12,64.66267381528624,0.5,2.306153076538269,0.37170178085661804,173.96385259781556,32.837244828933656,0.731628210054024,14.406352127904754,0.01778259045305182,1.148968742825392,0.5163434018170612,-4.484646991986807,-0.006967207940908693,0.0006156727396704476,3.377792587627909,0.9493268062463206,noise
3,2,177.02194492372325,0.8999999999999999,13.21560780390195,0.6064639721128879,291.8919392803966,11.353745584752328,0.1884057551886796,4.432357727957026,0.008728716398636826,1.5385198648161416,0.317073111378137,9.46412761715365,-0.029751678977736,0.05895124864099888,3.4456132645212465,0.8981384687175359,noise
6,5,97.77424294403451,0.5,4.7868934467233615,0.6074763795645935,160.95151389114724,33.10676641625703,0.5981490017775054,6.171866444248941,0.012744819313806104,1.2314779820338138,0.03472494358233407,8.781441671823487,0.05550915016519236,0.006310859790921608,3.1679982276923413,0.8756397551560924,noise
3,2,142.16985253933566,0.5,9.929714857428714,0.9815066543421036,144.8485875367101,5.855248867925319,0.06922078734202244,46.953357125012474,0.048066610566203344,1.0270436426471727,0.12947894047982084,-4.909919556483899,-0.012560638603472635,-0.02144966437724971,3.4047402580255026,0.9360856126511437,noise
5,4,160.19525977220462,0.5,6.643821910955477,0.622675155141608,257.26939391980915,92.72458445334901,0.8859878892366753,30.001170673532584,0.012609726992216323,1.0070593097535925,0.14833407550820127,-13.079137932470175,0.0037546978216965086,-0.04931273888585075,3.2811112599993226,0.8569854722743627,noise
4,4,136.83050312376875,0.8999999999999999,6.817908954477239,0.4855069794810812,281.83014643788584,55.54116831808297,0.5419792300786344,42.66078626924408,0.01634375209720198,1.077972398090647,0.329200416750766,3.7124272010968795,-0.035126981258850686,-0.01189372805148503,3.410809050549518,0.982015923300184,noise
2,2,136.60055794613368,0.5,14.36168084042021,0.8440876758502716,161.8321909611254,31.83826118730026,0.4121562558126101,127.38673671908174,0.021396046935260003,2.746859034007153,0.5837261338695684,-34.65031337879232,0.005297122443813262,0.0028752896146926332,3.4146923861294907,0.9382987139445771,noise
5,4,150.20588623127801,0.5,6.680090045022511,0.6766168570082478,221.99548337508688,45.57749026242711,0.7911561869491723,42.295213060650205,0.02573923595343029,2.579021424633156,0.048941643428372636,11.42450229352221,-0.008304052253833152,0.00275013807494906,3.4967307959220233,0.9327596685033155,noise
5,4,95.4859140668829,0.5,6.520510255127563,0.6593298651557561,144.82267391956512,14.923717045554545,0.23725347036957797,29.0331369344754,0.015521715821842589,1.2435966660578448,0.3286502501468138,4.618105968967612,0.0248081072818673,0.0060530012183996895,3.3562651248424897,0.9485117448655219,noise
3,2,151.44321734846963,0.8999999999999999,12.323411705852926,0.6861047436207981,220.72900494646703,14.559885162912515,0.14134327466585517,53.3054391786969,0.02991293686918859,1.2173912855848605,0.247678814609453,-0.5039323216493585,-0.002042691422366735,0.014245260743112276,3.5172798162124828,0.9166488749649229,noise
2,2,114.31172478887464,0.5,14.129564782391196,0.9773575972436648,116.95997975690327,12.49689959104128,0.20282383679573335,66.7137587520017,0.00646464438416822,1.3928571428571102,0.33724612132071907,-61.53614110737671,0.01940495670998117,0.0555993942795423,3.380449425638428,0.927738104007785,noise
3,3,68.55050504325756,0.5,11.474737368684341,0.8040907095759229,85.25220379602578,14.453285610216698,0.4003033540957206,24.566852186991284,0.010575010624899833,1.6247448984998951,0.30414283472288844,-22.505885008294868,0.028720774804302466,0.017038799922919345,3.339145383546817,0.9185226660162373,noise
3,3,173.2805931408765,0.5,9.842671335667834,0.7024870482725325,246.6673137490382,55.65791610134412,0.4044329337011472,109.78560575436447,0.03381139201420852,1.0,0.1309200107004184,43.01620557622954,-0.010204433384989888,-0.022986345910141814,3.435827934938245,0.887022723501026,noise
13,12,60.50101809317402,0.5,2.204602301150575,0.3505261305208318,172.6005932946515,39.213189510754596,1.2341670175256867,45.084080140367355,0.008960823922299811,1.0286033954998337,0.4384966178748846,-2.6631546270472484,-0.00268738877719906,-0.03542913735532416,3.4302016689379213,0.845108242710362,noise
3,2,102.42847977820553,0.8999999999999999,12.5120060030015,0.7631367757423408,134.22034297661554,20.035086725433967,0.27575823308165637,0.84604984429415,0.004521652703445988,1.0,0.43230484574737776,-1.083376998556318,0.03684463121775028,0.01718873996034187,3.378717996491944,0.8844562730032934,noise
3,2,130.32710118915344,0.5,12.200100050025013,0.9228045003095717,141.22937322632563,2.1077032522076564,0.03198993853645267,0.8496382495337684,0.08405731319560925,1.676178736903813,0.061996609350320135,-22.306508155045535,-0.022474293035305747,-0.013938426528237624,3.3921441059626427,0.8916148363530637,noise
3,3,76.43781768921944,0.5,9.74112056028014,0.7221202243465803,105.85192757672058,26.068807405802474,0.4810785440839684,5.489385203172326,0.012950999228569116,1.2430845052155755,0.6817158458093946,-2.4828468705440088,0.014202067624132961,-0.02514551227253925,3.349322552540975,0.904716939841438,noise
7,6,110.65777358180426,0.5,4.206603301650825,0.5370001420905424,206.0665629454275,32.34568931042382,0.41971554388610854,72.4789475168297,0.018350878727273517,1.1693277342830273,0.14748390044161658,15.793668063701638,0.013686843675604316,-0.018124788751190835,3.4280737088631175,0.9083755568736153,noise
