kepid,pl_name,lit_duration,lit_depth_ppm,cat_duration,cat_depth_ppm,est_duration,est_duration_err,est_depth_ppm,est_depth_err
1718189,Kepler-262 c,3.49,355.6,3.496,377.1,3.4796126,0.08611021,334.57693,6.3535438
1718189,Kepler-262 b,3.278,236.6,3.18,253.0,3.160125,0.17665286,212.40707,4.1883087
2439243,Kepler-1172 b,4.84,1164.4,4.737,1149.0,4.5001497,0.12947446,1083.1202,35.181816
2693736,Kepler-1034 b,3.3136,788.4,3.307,758.7,3.2527444,0.110038035,728.3509,11.862067
2713049,Kepler-683 b,2.383,382.1,2.382,395.8,2.3745563,0.09694752,378.7364,6.205497
2718778,Kepler-1844 b,3.708,463.5,3.526,426.4,3.4433594,0.027546875,373.0738,11.307016
2853093,Kepler-767 b,3.6935,4653.6,3.646,4786.0,3.3839438,0.112720415,4723.129,160.73418
2854914,Kepler-268 b,4.571,414.5,4.779,421.7,4.59232,0.11075629,378.66306,7.2003155
2854914,Kepler-268 c,7.219,503.0,6.621,492.0,6.5692735,0.12130954,446.43954,14.116792
3218908,Kepler-770 b,3.7409,640.9,3.758,630.3,3.7403843,0.07274967,571.8964,15.647192
3218908,Kepler-770 c,2.326,154.9,2.208,128.3,2.213175,0.09963274,134.97871,4.684291
3218908,Kepler-770 d,2.5916,223.39999999999998,2.543,204.7,2.4635313,0.13253067,226.86879,7.656139
3234598,Kepler-383 b,3.322,412.4,3.093,412.8,3.1219966,0.09833319,383.42426,15.396087
3234598,Kepler-383 c,3.718,360.1,4.02,329.0,3.8504062,0.19242576,276.2968,13.458237
3342970,Kepler-234 b,3.175,837.5,3.112,830.9,2.9393814,0.054037236,799.9135,20.331957
3342970,Kepler-234 c,4.039,950.4,3.997,965.8,3.9126883,0.05372421,923.4407,19.549839
3351888,Kepler-685 b,2.38785,7969.000000000001,2.53,8837.0,2.263164,0.07831778,7808.4106,179.48912
3440118,Kepler-1928 b,2.3,432.6,1.923,436.6,1.7442211,0.0842385,394.90787,8.963454
3847138,Kepler-556 b,4.175,492.2,4.202,504.6,4.087102,0.05779988,467.71826,7.1464543
3847907,Kepler-497 b,2.8837,2975.0,2.966,3660.0,2.7968454,0.06413212,2923.4075,78.61969
4056616,Kepler-1053 b,1.2248,202.89999999999998,1.284,196.6,1.2288282,0.06920836,167.64926,4.13212
4078311,Kepler-1944 b,1.5672,626.4,1.561,614.3,1.4097781,0.06457761,576.6263,29.709412
4136466,Kepler-826 b,2.8308,112.0,2.824,113.8,2.956375,0.10987036,107.913185,1.107358
4157325,Kepler-416 b,3.2023,598.3000000000001,3.251,590.7,3.167185,0.08820245,551.7308,17.874992
4157325,Kepler-416 c,3.9286,559.1,4.267,543.4,4.0836525,0.12157339,515.4748,13.747271
4157325,Kepler-416 d,2.6326,216.7,2.606,209.0,2.5469577,0.06609745,211.35423,5.5199537
4165473,Kepler-597 b,3.9714,622.4,4.36,625.5,4.1079373,0.20618366,573.47815,9.406903
4271474,Kepler-1469 b,3.582,976.1999999999999,3.529,869.8,3.4049337,0.08586725,773.911,21.222198
4455231,Kepler-288 c,4.192,709.1,4.235,761.8,4.1853714,0.12201491,652.80457,15.428639
4455231,Kepler-288 d,6.039,589.7,6.316,614.1,6.0988874,0.2203407,598.373,24.946949
4455231,Kepler-288 b,3.306,217.60000000000002,3.235,223.1,3.361367,0.11961573,209.26001,4.698531
4556468,Kepler-1609 b,13.001,239.8,13.58,231.6,12.296266,0.65949017,194.89662,14.674076
4636578,Kepler-350 c,5.8919,391.20000000000005,5.628,400.2,5.548856,0.13523518,387.98428,9.1196
4636578,Kepler-350 d,6.613,362.20000000000005,6.576,372.9,6.3242626,0.22417404,358.28302,6.2697616
4636578,Kepler-350 b,5.12,143.3,5.194,125.1,5.3644276,0.053832963,109.83373,3.2004569
4645174,Kepler-1500 b,5.416,132.20000000000002,5.447,132.8,5.536365,0.14642772,90.6398,1.8975627
4832837,Kepler-621 b,1.8548,936.8,1.748,873.0,1.6606,0.09917485,943.00836,30.786917
4913852,Kepler-691 b,2.258,1558.0,2.231,1608.0,2.171739,0.053834885,1467.9844,27.72603
4939346,Kepler-328 c,8.781,2138.0,8.805,2256.0,8.4748125,0.2963524,2151.223,33.817
4939346,Kepler-328 b,9.874,500.0,8.376,504.3,8.290932,0.30804318,439.46048,30.278044
4947556,Kepler-1930 b,0.785,356.59999999999997,0.7628,340.7,0.6841363,0.013537097,326.02954,30.656836
4989057,Kepler-1017 b,2.1648,492.4,2.168,472.4,2.0003188,0.11379681,446.8221,7.82762
5009743,Kepler-906 b,5.6754,440.8,5.639,440.3,5.6169724,0.09028524,458.47278,9.796948
5094751,Kepler-109 b,3.649,301.5,3.873,292.9,3.6884272,0.08308511,289.13138,9.248207
5094751,Kepler-109 c,6.4913,359.90000000000003,6.693,371.3,6.4524703,0.2087637,350.83884,11.553416
5164255,Kepler-693 b,3.2673,15337.0,3.252,15590.0,2.634628,0.15529019,14983.402,487.11386
5177859,Kepler-1576 b,2.723,90.7,2.551,85.3,2.4752672,0.08422504,91.13864,3.347137
5184911,Kepler-1324 b,1.385,459.7,1.446,401.2,1.4267954,0.06079356,388.66498,7.967642
5281113,Kepler-1602 b,3.043,87.89999999999999,3.218,90.5,3.1174374,0.103961885,86.76068,2.2716894
5289854,Kepler-308 b,2.609,515.2,2.692,621.7,2.593153,0.07423763,513.0171,13.010597
5289854,Kepler-308 c,3.951,550.5,3.772,615.0,3.8662999,0.13523556,545.16907,26.873125
5461440,Kepler-581 b,5.719,696.4,5.63,666.2,5.339703,0.10629305,628.25354,17.579071
5551240,Kepler-1626 b,3.284,110.89999999999999,3.35,112.6,3.2845702,0.11041926,120.86119,7.8865986
5602588,Kepler-1211 b,4.531,545.7,4.24,541.5,4.322812,0.2314013,502.25183,18.038912
5688790,Kepler-1439 b,2.217,1056.0,2.077,1024.0,1.9277155,0.096898526,1081.8121,28.677702
5728139,Kepler-433 b,6.178,5106.1,6.33,4944.0,6.043172,0.16667977,4568.2773,108.949135
5770074,Kepler-1675 b,7.3269,658.6999999999999,7.322,684.6,7.2647967,0.16480061,606.76764,11.170238
5794570,Kepler-1312 c,1.3577,109.19999999999999,1.344,108.6,1.3019999,0.069013044,98.16915,1.9859233
5794570,Kepler-1312 b,2.2251,529.4,2.221,534.2,2.144653,0.050706957,509.9059,15.9203005
5906694,Kepler-1938 b,3.244,464.3,3.351,496.6,3.1651244,0.11333115,457.50574,9.333397
5942808,Kepler-1814 b,1.5043,1077.3,1.436,981.9,1.3496157,0.08809397,932.0363,24.263258
5942808,Kepler-1814 c,1.1812,433.1,1.164,426.0,1.0803375,0.051248748,383.19742,6.832694
5966322,Kepler-517 b,6.3262,744.4000000000001,6.336,746.8,6.2073,0.12463782,726.2359,13.5434265
6022556,Kepler-697 b,3.1,2020.3,2.92,1521.0,2.9428127,0.073568106,1925.098,51.7866
6026924,Kepler-1580 b,15.079,95.60000000000001,15.35,117.6,15.07418,0.5437634,105.749054,4.4366026
6124512,Kepler-1296 b,4.992,108.5,5.068,101.3,4.846275,0.25395617,92.05898,3.8206723
6205228,Kepler-996 b,2.0254,314.40000000000003,1.992,303.3,1.960875,0.07148593,304.91156,2.8105996
6289257,Kepler-520 b,3.5985,211.29999999999998,3.612,210.8,3.448331,0.12189716,211.42038,4.5105186
6289257,Kepler-520 c,3.3011,103.8,3.281,104.9,3.2861264,0.05765958,103.25614,1.3573513
6422070,Kepler-704 b,3.3906,510.6,3.171,471.7,3.0496101,0.17836876,477.4177,8.383661
6468138,Kepler-965 b,9.105,832.1,9.112,843.6,8.990982,0.18780553,829.94183,19.867218
6521045,Kepler-100 c,6.3728,218.1,6.387,219.4,6.217345,0.16045278,218.3732,6.3067074
6521045,Kepler-100 b,4.4276,73.9,4.362,71.52,4.3551846,0.1107408,67.80042,1.4982979
6521045,Kepler-100 d,5.966,93.8,6.018,91.47,5.6465764,0.17042759,104.143936,3.145896
6586746,Kepler-1335 b,2.442,378.7,2.453,357.2,2.3667617,0.05812748,325.84262,6.002538
6587796,Kepler-1444 b,5.0911,384.8,5.156,385.2,4.946538,0.20563175,413.68228,6.9469156
6693640,Kepler-798 b,5.5426,316.40000000000003,5.535,298.7,5.465812,0.11142733,276.89105,4.4372993
6705026,Kepler-1483 b,4.381,97.9,4.46,89.09,4.2857814,0.22338079,76.01226,3.8489225
6768394,Kepler-60 c,4.146,180.6,5.068,192.7,4.478053,0.17231242,144.2087,4.1950655
6768394,Kepler-60 b,4.368,145.0,4.418,146.9,4.1556816,0.19779594,147.58067,2.4940376
6768394,Kepler-60 d,3.015,130.9,3.041,130.8,2.9578476,0.10624816,118.89259,2.7072475
6842682,Kepler-1303 b,2.938,180.6,2.716,197.5,2.631125,0.13962519,153.16312,5.0501056
6871071,Kepler-374 b,2.641,132.4,2.552,124.9,2.5978563,0.10580033,130.0366,2.8155704
6871071,Kepler-374 d,3.44,181.3,3.411,181.2,3.3710275,0.13055016,167.77159,3.2114038
6871071,Kepler-374 c,3.309,142.5,3.242,134.7,3.1558845,0.1228871,137.93199,5.9826546
6941084,Kepler-1204 b,7.457,843.3000000000001,7.543,752.7,7.4958563,0.23616032,629.91974,16.065903
7047363,Kepler-1236 b,3.401,636.5999999999999,3.371,623.6,3.2340534,0.20896865,564.53906,29.479267
7269974,Kepler-160 c,4.3409,1292.8999999999999,4.338,1213.0,4.243106,0.107492596,1201.2094,32.526978
7269974,Kepler-160 b,2.8977,310.7,2.911,249.9,2.8814352,0.06416361,235.18413,3.8693612
7288306,Kepler-1503 b,7.471,894.5,7.453,855.9,7.284143,0.106412925,825.94324,29.382809
7295235,Kepler-743 b,1.0248,206.39999999999998,1.118,199.5,1.0498719,0.057181817,176.29462,4.5015974
7386827,Kepler-1765 b,3.0069,714.5999999999999,2.837,680.5,2.8015375,0.050249405,607.81964,19.458668
7419318,Kepler-137 c,3.005,567.2,2.978,584.8,2.9384484,0.053358987,538.9306,14.688791
7419318,Kepler-137 b,3.217,345.5,3.242,353.8,3.1938767,0.06427558,318.08694,7.2982016
7430034,Kepler-978 b,7.093,491.1,7.089,500.2,6.3468704,0.309054,477.052,11.740043
7529266,Kepler-435 b,9.003,4510.2,9.014,4521.0,8.718228,0.22112916,4309.4224,122.01037
7626506,Kepler-112 b,3.485,798.9,3.534,795.7,3.4677374,0.07480052,783.006,21.691174
7626506,Kepler-112 c,4.963,824.9,4.958,834.6,4.8572907,0.106360964,794.10065,23.484835
7659389,Kepler-1872 b,1.8057,934.4,1.533,877.6,1.5473719,0.0528328,719.74176,14.857542
7663691,Kepler-715 b,5.218,936.1,4.961,933.8,4.8718567,0.11536555,856.4531,20.839823
7672097,Kepler-1160 b,2.7665,490.8,2.658,531.5,2.5562484,0.06546938,491.0499,9.590088
7685981,Kepler-717 b,4.933,549.4,4.647,551.5,4.5998034,0.14862767,525.65906,5.134023
7700622,Kepler-1716 b,3.9885,988.0999999999999,4.226,960.7,4.1467624,0.13983978,831.77893,22.265102
7742408,Kepler-1697 b,4.111,168.6,3.983,174.9,4.039011,0.15294977,158.48906,5.0315375
7747425,Kepler-341 c,4.216,294.09999999999997,4.272,295.1,4.195237,0.1479834,288.9821,12.194916
7747425,Kepler-341 d,6.048,324.0,6.233,331.7,5.8239594,0.12261165,300.37323,6.228525
7747425,Kepler-341 e,7.168,334.0,7.259,306.6,6.810983,0.2532383,286.63992,10.519645
7747425,Kepler-341 b,3.816,126.9,3.451,126.7,3.5184023,0.11996859,117.64205,3.6506474
7755636,Kepler-1015 b,6.4648,365.7,6.738,378.4,6.548494,0.123901315,381.22794,11.237608
7764367,Kepler-644 b,3.5066,303.0,3.474,290.0,3.5282812,0.08051211,292.9228,7.486351
7802719,Kepler-1157 b,2.3577,175.7,2.383,170.5,2.336457,0.09637879,136.83075,5.507933
7898352,Kepler-302 c,7.16,8088.6,7.225,8232.0,5.638887,0.31850365,7846.254,350.59155
7898352,Kepler-302 b,5.94,974.9,5.967,963.0,5.663988,0.19164144,968.4553,28.181847
8016691,Kepler-1456 b,3.55,382.7,3.598,334.9,3.2438219,0.18906559,266.91794,16.798416
8081905,Kepler-1292 b,2.272,323.0,2.256,309.3,2.266575,0.060389746,271.1904,4.741491
8197343,Kepler-946 b,3.007,415.4,3.236,395.3,2.9882438,0.14066921,366.54004,9.425577
8255887,Kepler-720 b,3.17455,7912.700000000001,3.175,8082.0,3.006328,0.06304491,7637.529,207.2734
8278371,Kepler-780 b,1.8243,76.7,1.748,43.97,2.2860563,0.20063072,52.920876,3.2188416
8361905,Kepler-646 b,3.6124,415.6,3.549,407.3,3.4103673,0.08317969,437.58978,12.695683
8459663,Kepler-1593 b,7.098,1530.0,6.747,1574.0,6.5361567,0.14143829,1475.8018,47.610184
8505670,Kepler-252 c,2.976,1743.3000000000002,3.017,1677.0,2.861436,0.043716416,1645.6766,46.974915
8505670,Kepler-252 b,1.978,428.8,1.949,394.0,1.7891212,0.0881301,373.60504,9.330549
8554701,Kepler-1466 b,3.968,200.2,3.877,211.8,3.5680518,0.16495724,179.19101,12.713405
8573193,Kepler-1591 b,4.214,97.6,4.333,109.6,4.3770075,0.13353144,107.98194,2.5445428
8625925,Kepler-609 b,2.8091,760.4,2.88,767.2,2.7765002,0.055296928,733.19293,23.61945
8630788,Kepler-281 c,6.809,2828.3999999999996,6.992,2965.0,6.128925,0.31926432,2762.1604,83.379196
8630788,Kepler-281 b,6.293,593.5,5.514,620.1,5.3589187,0.22442009,598.522,22.305666
8630788,Kepler-281 d,4.192,1707.4,5.648,1789.0,4.0153747,0.20172413,1366.9746,160.63304
8653134,Kepler-1643 b,2.41,688.7,2.47,676.9,2.358078,0.059037086,714.9761,14.604758
8680979,Kepler-330 c,3.917,762.5999999999999,4.042,753.2,3.7767434,0.15989883,729.5517,16.162066
8680979,Kepler-330 b,3.005,298.4,3.269,303.8,3.0263789,0.07178249,293.92685,17.168522
8750043,Kepler-1055 b,1.6459,170.7,1.681,163.4,1.6796868,0.07456847,147.1355,1.8633167
8773015,Kepler-1586 b,4.521,73.4,4.537,71.24,4.175458,0.17990024,63.4553,3.7418547
8780959,Kepler-1518 b,2.96,267.8,2.694,229.5,2.681372,0.060781393,230.99626,5.453762
8780959,Kepler-1518 c,5.255,297.2,4.554,233.9,4.6215982,0.124472596,228.80322,5.709267
8804397,Kepler-983 b,6.929,432.2,6.957,429.9,6.587409,0.19414999,407.9406,9.130487
8826007,Kepler-1450 b,4.222,622.1999999999999,4.683,598.6,4.2293344,0.23466393,546.9739,31.599796
8878187,Kepler-650 b,3.6764,488.6,3.281,163.1,3.6347327,0.12174911,447.8457,7.8331504
8883329,Kepler-393 b,4.343,84.7,4.318,83.36,4.3078794,0.16988197,79.18622,1.0906829
8883329,Kepler-393 c,5.401,74.6,5.422,76.87,5.311866,0.24604927,67.918144,2.848099
8885643,Kepler-1346 b,1.7944,155.9,1.976,168.6,1.8787436,0.058703113,134.8199,4.784122
8934495,Kepler-1721 b,2.2748,1027.7,2.422,935.0,2.3160374,0.095999375,967.07214,22.22922
9021075,Kepler-1968 b,2.716,333.8,2.594,334.9,2.172475,0.12033755,254.23253,26.268015
9044228,Kepler-1039 b,1.4174,282.6,1.369,267.1,1.2919937,0.09352131,270.33316,14.011457
9244508,Kepler-1360 b,10.526,360.7,10.44,335.7,10.333968,0.29588193,337.96964,9.386223
9364290,Kepler-382 b,3.229,194.49999999999997,3.269,193.7,3.2000446,0.12210771,183.01306,5.5523887
9364290,Kepler-382 c,1.958,306.3,1.964,301.5,1.8611969,0.079076156,290.22284,6.3656697
9411412,Kepler-1096 b,1.3657,385.5,1.415,359.1,1.306664,0.086805694,350.91998,16.376749
9415108,Kepler-1108 b,2.1605,303.7,2.134,289.4,2.018964,0.08325929,264.63596,8.704932
9467404,Kepler-1323 b,1.7428,108.69999999999999,1.494,70.35,1.6480687,0.090530425,104.42277,1.9322228
9472000,Kepler-1790 b,3.4026,360.6,3.382,358.7,3.2313955,0.049147524,337.0716,7.7323394
9592705,Kepler-1714 b,6.3195,210.20000000000002,6.367,212.4,6.2376704,0.13198094,207.73332,7.1236844
9602613,Kepler-1994 b,2.695,29.099999999999998,2.629,27.39,2.5242507,0.09986295,31.155312,1.0584567
9649706,Kepler-1072 b,2.7835,147.20000000000002,2.627,128.5,2.762455,0.10020819,135.5742,2.547827
9651234,Kepler-1020 b,5.9964,862.8,6.161,912.4,5.7085514,0.23795334,826.6493,14.676078
9701962,Kepler-1617 b,8.305,88.9,7.516,80.33,7.0873528,0.35162675,57.46934,5.425146
9702006,Kepler-1953 b,2.372,212.0,2.525,211.2,2.4539845,0.16544461,175.74348,12.485704
9715631,Kepler-1636 b,17.848,998.4,20.54,858.3,17.186203,1.0204602,877.6723,49.96464
9761615,Kepler-1528 b,2.098,167.5,2.133,170.6,2.096339,0.07236885,160.97295,1.7173984
9782691,Kepler-193 b,3.618,457.1,4.253,430.7,3.7845054,0.13755956,407.8654,6.1570354
9782691,Kepler-193 c,6.115,610.9,5.873,630.9,5.478408,0.1496652,577.1274,14.09209
9813499,Kepler-868 b,3.3066,439.09999999999997,3.324,430.5,3.1993499,0.08112897,430.5805,5.687096
9824805,Kepler-881 b,3.35,162.99999999999997,3.197,158.0,3.1595352,0.07324566,145.89171,3.9317205
9827149,Kepler-1282 b,1.8179,269.4,1.821,283.2,1.8323812,0.062109984,255.08328,7.2581644
9851662,Kepler-1252 b,4.275,221.5,4.324,223.1,4.175362,0.13100854,197.98468,8.332764
9872831,Kepler-1572 b,2.511,85.80000000000001,2.54,84.99,2.3336248,0.08861073,71.00175,1.205617
9883606,Kepler-1598 b,2.696,77.2,2.625,72.4,2.4035156,0.08269506,65.863464,2.9972858
9946525,Kepler-148 d,4.7788,10313.6,4.804,9746.0,4.0120907,0.18516262,9588.681,317.95618
9946525,Kepler-148 c,2.482,1880.5,2.495,1720.0,2.3468592,0.072252676,1751.2861,52.05561
9946525,Kepler-148 b,1.757,517.2,1.764,474.2,1.686825,0.08099343,436.14465,8.3075
10024701,Kepler-1046 b,2.9658,251.5,2.917,243.6,2.8896532,0.072996184,211.58685,4.3265057
10028792,Kepler-87 b,11.878,4850.0,12.1,4853.0,11.315391,0.3455243,4646.1826,112.123825
10028792,Kepler-87 c,16.942,1061.2,15.56,980.9,15.863907,0.5727645,957.3816,29.28809
10057494,Kepler-1443 b,2.194,45.8,2.228,43.74,2.1984093,0.07892539,43.491238,2.7047784
10080248,Kepler-939 b,7.504,322.8,7.255,315.1,7.067957,0.24286437,307.57776,7.8420715
10118816,Kepler-1735 b,1.84,318.90000000000003,2.104,303.5,2.0103064,0.0605293,352.17294,18.071947
10123064,Kepler-565 b,3.368,1478.2,3.277,1101.0,3.259079,0.0722309,1365.3289,44.113052
10130039,Kepler-334 c,4.088,191.4,4.134,194.2,4.101703,0.096350834,169.99985,4.73731
10130039,Kepler-334 b,3.041,106.5,3.119,106.6,3.021531,0.1270837,106.76447,2.7675517
10130039,Kepler-334 d,2.767,196.7,2.754,177.8,2.7260296,0.061460912,177.70839,1.8281422
10132832,Kepler-1186 b,2.237,591.9,2.23,510.5,2.2631016,0.10996503,450.48517,19.371744
10154388,Kepler-744 b,2.1007,303.2,2.07,293.9,1.976203,0.07765868,270.92374,5.9344463
10187159,Kepler-989 b,1.498,746.0,1.496,761.4,1.4562626,0.058600903,698.0379,16.089094
10227020,Kepler-223 d,6.1191,781.8,6.166,822.6,5.751722,0.19172163,763.2211,18.16355
10227020,Kepler-223 e,7.202,577.9,9.02,579.3,7.4767346,0.36097616,469.08118,19.316261
10227020,Kepler-223 c,5.7471,436.7,5.763,395.4,5.672953,0.16785954,310.56522,3.0999036
10227020,Kepler-223 b,5.7351,349.79999999999995,5.922,343.3,5.6073937,0.19442575,271.956,9.280955
10265898,Kepler-656 b,1.8742,1130.7,1.329,298.9,1.6986282,0.12760304,1076.9741,49.378925
10265898,Kepler-656 c,3.078,168.99999999999997,2.838,169.0,2.7759187,0.10342651,166.47523,11.606259
10266615,Kepler-587 b,2.2868,538.6,2.327,562.5,2.2415555,0.095784694,512.67084,8.717771
10386922,Kepler-511 b,16.2231,2810.0000000000005,16.46,2783.0,15.778452,0.29492575,2681.0967,68.10606
10386922,Kepler-511 c,7.8308,492.79999999999995,7.866,489.1,7.786111,0.13122797,469.78925,11.508801
10453588,Kepler-1253 b,5.95,144.5,6.074,144.8,5.846225,0.3482555,154.09453,7.898645
10552611,Kepler-141 c,2.986,348.40000000000003,3.105,335.2,2.9934142,0.06390449,306.79004,8.294931
10552611,Kepler-141 b,2.218,77.4,2.226,84.13,2.2364345,0.077461526,67.25183,1.788
10585738,Kepler-1415 b,1.0604,217.9,1.262,138.5,1.4098905,0.038941413,121.504234,5.2701983
10591855,Kepler-1367 b,1.5994,224.9,1.445,195.4,1.3614609,0.057163246,235.57726,5.0498843
10653179,Kepler-1453 b,4.059,816.1,4.232,778.8,3.6005063,0.23805,596.0796,55.079067
10854555,Kepler-664 b,1.5882,603.3000000000001,1.56,595.4,1.6111875,0.053068127,567.9389,7.53976
10858832,Kepler-552 b,2.1778,1066.8,2.01,1032.0,1.9833047,0.053159192,1004.9506,21.524172
10874614,Kepler-6 b,3.59385,10814.1,3.584,10830.0,3.3824003,0.0852047,10219.082,253.36412
10875245,Kepler-107 e,6.117,420.49999999999994,6.09,416.5,5.9520235,0.1461818,427.67807,10.894793
10875245,Kepler-107 b,3.633,121.89999999999999,3.536,119.4,3.4918,0.17282744,115.22779,2.319938
10875245,Kepler-107 c,4.269,139.6,4.164,134.3,4.0664062,0.14872155,139.23526,4.354623
10875245,Kepler-107 d,4.384,58.300000000000004,4.504,51.89,4.6236377,0.2703719,50.41628,3.1428843
10879038,Kepler-918 b,2.799,196.4,3.008,192.8,2.70015,0.096435934,189.81252,2.9183674
10925104,Kepler-114 d,2.9021,1429.1000000000001,2.902,1447.0,2.6956859,0.08792479,1483.126,33.395916
10925104,Kepler-114 c,2.6319,590.4,2.661,579.6,2.5861595,0.065543264,580.8497,19.31191
10925104,Kepler-114 b,2.435,353.6,2.472,328.6,2.3136375,0.107458055,319.22446,6.623105
11030475,Kepler-1813 b,1.7758,370.3,1.794,335.2,1.726725,0.10151416,284.47906,6.936731
11074835,Kepler-1270 b,10.264,89.5,9.857,82.28,9.610576,0.25142786,85.903755,3.2439177
11122894,Kepler-297 c,4.794,4119.2,4.187,4057.0,4.056156,0.042649843,3704.3757,88.15413
11122894,Kepler-297 d,4.3823,4319.7,4.408,4312.0,3.2199063,0.15856215,3760.018,179.97145
11122894,Kepler-297 b,6.125,1004.9,7.729,971.2,6.0624347,0.40388834,995.6778,46.419556
11129258,Kepler-1381 b,3.638,585.0,3.702,569.5,3.5168998,0.16699721,518.83386,30.864521
11177707,Kepler-841 b,3.6612,4107.0,3.956,4112.0,3.3842344,0.18232068,3945.9578,187.99744
11236244,Kepler-1246 b,3.027,283.6,3.023,284.0,3.0206382,0.07703693,277.22928,5.188422
11250587,Kepler-464 b,4.8639,463.2,4.898,452.0,4.7870293,0.09635038,459.46365,12.414725
11259686,Kepler-512 b,5.8266,419.7,5.845,435.1,5.78107,0.17767955,412.5514,9.030758
11288051,Kepler-124 c,3.552,765.2,3.572,814.0,3.5078156,0.11892123,734.6217,14.372438
11288051,Kepler-124 d,4.196,301.4,4.32,344.7,4.1748753,0.15191251,316.80234,11.50321
11288051,Kepler-124 b,2.389,136.2,2.241,145.9,2.242751,0.0779835,129.60507,3.7931058
11336883,Kepler-853 b,4.5907,111.6,4.57,107.4,4.4271874,0.19292907,120.08852,1.9824508
11337372,Kepler-920 b,3.1164,771.9,3.333,792.0,3.1220837,0.118011825,688.5743,15.779758
11337372,Kepler-920 c,8.281,1778.8000000000002,8.152,1880.0,7.89725,0.1585806,1679.2461,39.12332
11337833,Kepler-921 b,6.987,581.4,5.382,496.2,5.356772,0.10587133,469.5866,11.916427
11450414,Kepler-347 b,6.244,336.6,6.134,330.8,6.0477405,0.17318305,314.80945,3.7882297
11450414,Kepler-347 c,3.927,279.59999999999997,2.977,262.1,3.2258584,0.30798823,245.48729,8.708959
11450414,Kepler-347 d,9.331,270.2,8.38,283.7,8.137766,0.21375322,256.88458,9.86425
11453592,Kepler-1319 b,0.885,631.8,0.9101,604.5,0.8837924,0.051301636,525.03937,23.942049
11461844,Kepler-1207 b,4.163,179.6,4.157,195.1,3.8517203,0.17471063,175.25864,6.5606103
11465950,Kepler-1862 b,3.546,575.0,3.19,587.3,3.1426485,0.13659371,616.00336,29.867365
11495458,Kepler-1190 b,3.102,332.0,3.132,317.2,3.0194438,0.10305963,275.93008,10.134124
11497977,Kepler-571 b,2.9979,817.4,2.966,810.0,2.928925,0.05044874,760.4485,14.349915
11547505,Kepler-922 b,1.271,217.39999999999998,1.367,179.2,1.3413687,0.060733538,191.96225,4.363381
11560897,Kepler-430 b,2.839,269.7,2.734,275.7,2.5011828,0.07224396,246.22304,10.145341
11560897,Kepler-430 c,12.388,150.20000000000002,12.14,140.0,12.595251,0.5068598,136.6659,10.218574
11566256,Kepler-1831 b,1.3966,413.3,1.451,510.3,1.3784499,0.028089346,389.16635,12.268306
11614617,Kepler-1041 b,7.361,458.7,6.468,453.1,6.5185313,0.26738623,434.76572,10.327539
11622600,Kepler-991 b,4.8336,1895.3999999999999,4.858,1941.0,4.489855,0.15813294,1767.7222,56.634167
11670125,Kepler-1206 b,1.3101,459.8,1.33,464.7,1.361172,0.10164772,391.61868,19.887497
11705004,Kepler-1806 b,2.857,610.7,2.573,678.9,2.5931015,0.11703875,631.79865,17.818922
11754553,Kepler-52 b,2.4223,1461.6000000000001,2.255,1252.0,2.1123009,0.11979688,1191.2742,45.307884
11754553,Kepler-52 c,3.1252,1165.5,3.036,1099.0,2.8747125,0.10623247,965.7188,31.8231
11754553,Kepler-52 d,4.153,1155.6,3.942,1080.0,3.7572186,0.097874,929.7537,27.873774
11769890,Kepler-1036 b,8.281,717.7,7.907,734.2,7.1224775,0.26251897,658.4606,12.615449
11804465,Kepler-12 b,4.69813,16721.1,4.679,16490.0,4.382907,0.12631218,15847.639,382.43253
11807274,Kepler-50 c,2.06,159.0,2.238,119.4,2.1488297,0.116030924,118.75181,2.4677272
11807274,Kepler-50 b,3.8,99.00000000000001,3.859,89.4,3.8107624,0.114166684,90.36704,2.9430976
11853255,Kepler-674 b,1.0205,821.7,1.013,808.1,1.0003375,0.07471982,773.9481,37.44108
11853905,Kepler-4 b,3.98235,869.9999999999999,4.007,732.8,3.913086,0.06102407,712.0218,19.961336
11904151,Kepler-10 c,6.8714,476.8,6.954,487.0,6.774717,0.16171175,462.52393,14.246706
11904151,Kepler-10 b,1.811,191.89999999999998,1.544,12.53,1.7780125,0.078396976,187.06604,4.4660997
11954842,Kepler-883 b,3.4569,257.2,3.386,265.3,3.2881234,0.12311364,260.7768,7.672342
11962284,Kepler-1302 b,1.803,316.20000000000005,1.963,268.0,1.8740516,0.08036383,260.0502,14.335016
12020218,Kepler-870 b,5.905,640.1,6.076,685.1,5.786441,0.11172817,629.84973,10.818717
12110942,Kepler-680 b,2.6286,426.7,2.541,438.1,2.6025398,0.12081759,438.9571,4.6153827
12121570,Kepler-1816 b,4.842,704.8,4.845,728.8,4.6254606,0.08082882,577.4943,13.164486
12366084,Kepler-232 b,3.172,1010.9,3.154,1035.0,3.0973265,0.065006435,1003.0674,25.946743
12366084,Kepler-232 c,2.612,1023.5,2.764,1053.0,2.3429217,0.102655515,940.3256,24.098478
12453581,Kepler-1234 b,3.472,631.7,2.795,648.7,2.5722735,0.11851907,626.2124,22.036858
12600735,Kepler-596 b,4.0882,659.8,4.09,652.1,3.9909456,0.13683999,625.7378,19.522276
12644822,Kepler-682 b,5.1636,6105.6,5.234,6205.0,4.7760253,0.13782021,5994.327,173.38866
12834874,Kepler-574 b,3.0576,668.2,3.07,652.5,3.010039,0.082039185,626.2342,13.878761
